nose_x,nose_y,left_eye_x,left_eye_y,right_eye_x,right_eye_y,left_ear_x,left_ear_y,right_ear_x,right_ear_y,left_shoulder_x,left_shoulder_y,right_shoulder_x,right_shoulder_y,left_elbow_x,left_elbow_y,right_elbow_x,right_elbow_y,left_wrist_x,left_wrist_y,right_wrist_x,right_wrist_y,left_hip_x,left_hip_y,right_hip_x,right_hip_y,left_knee_x,left_knee_y,right_knee_x,right_knee_y,left_ankle_x,left_ankle_y,right_ankle_x,right_ankle_y
1013.0586454974956,431.6909309008156,1032.3095886737312,434.1875803206863,988.1981834379493,436.17217351396636,1032.1105288500175,435.9335623583968,958.4729988398744,441.29038872440856,1032.7154457385955,450.3680205027556,927.459705145266,448.8258093629182,1084.2930082290675,466.6618767143733,879.8893635752636,461.96880870401094,1064.6864235163976,464.5418340471114,889.3707917957847,458.85500605054096,1026.0537468426635,551.5519053257345,943.4692452835509,549.8450667740815,1076.2028391339304,729.8862640467187,901.8220987427346,730.5809536219509,1110.6811751970024,896.8216667401848,866.2603533316013,897.7877563310766
989.0067425281778,274.7715749414979,1004.3773601249477,263.84979796407845,978.8211747034511,262.975572371971,1026.9385971750546,272.4544974607076,963.1863770811028,272.32446257973197,1060.1698396327495,348.8991518934777,916.7509605145534,345.8775704475964,1080.82205040304,461.65694595886606,880.2833394911299,454.8040372356488,1017.237036789321,394.2582768117202,958.0273749099536,396.76427108963503,1018.8270874941555,544.8467939212491,943.9081414126363,544.3523674418985,1073.1294530557811,723.7382757087267,899.234976479399,730.6482023913317,1110.0933884121982,892.3036282141773,864.8934132140646,896.6476033430488
988.2168010197463,273.68297273946337,1004.1688640852216,262.3805884849984,976.304461216395,261.9209078456508,1024.9758200854862,269.6537713514755,960.89670472082,268.5967864642863,1060.049986477038,344.6302289205237,919.2732478773244,345.77716330553716,1083.4465260147203,460.4294161852586,882.1787563912071,457.4643520536644,1025.0822413267501,401.4379025383615,952.2614026172026,399.70880788863843,1021.1371397756083,539.7147691037094,944.8573351520951,539.4914297991269,1072.1876697514738,725.0812061263327,900.9214709984278,730.1478893562359,1108.9356157972895,890.4749966114521,862.9996846323074,896.5119970533673
990.7030080152069,274.3688514606227,1004.7824169369835,259.7371524752517,975.4973860128855,261.29852171293936,1024.5693582732886,272.68457698087065,962.7406449070779,272.31718624121953,1058.818221953962,348.88749603429056,918.9410998650817,350.9740185919635,1081.7594975985767,458.4594240029424,883.9532504208848,458.22482494340306,1011.8045908066952,389.73425760548724,954.6594500628281,396.28575548651526,1019.4644908914767,535.6577264560988,944.1949866364247,535.7287151581598,1074.9917721060303,724.3757380562822,901.1860763525956,727.6999254471259,1108.0271009969115,890.103882678459,862.8900157975955,897.257943670162
988.5216199578294,270.0096412264955,1004.406986954291,258.1593472982933,975.6709534858755,259.78738811950615,1026.7759569280781,271.86284624433557,960.7938996249958,274.13900720879633,1059.913040823168,349.6031124334533,919.2706985962046,350.3553124315675,1081.6997007294117,458.98245372949094,881.0841729890321,459.32305992864394,1015.6564427673459,387.1751782598187,955.0774481991817,399.96580611061796,1019.5389402686839,537.8548675521464,943.8153132622613,538.2414388031942,1074.6453564167048,724.6395370004471,900.8328251280622,726.6639618365954,1109.0397652425575,890.2286364514209,863.940189908665,897.6159949827992
987.4297458418607,272.25349799407303,1002.9168719126499,259.0492344805721,974.2530635728532,259.7075565914428,1025.749665546734,272.6502999933267,960.5811024265149,272.31771701110256,1058.3129781569721,349.8473217078771,919.979400772813,352.4548299209658,1082.2026068645748,459.46625069709097,880.2326147833162,461.1427632646622,1014.284718535327,388.0196097141465,955.1229233681479,400.88011109362066,1019.4867162024433,537.2067155517441,943.7248454373738,537.393017595939,1074.4603045390497,724.8966983979396,900.5361414025433,726.6608174370596,1109.097664986139,889.8887835660951,863.9169193117187,898.1639802348551
988.6990737102184,270.22777407601563,1004.486871262066,258.29612589842594,975.0308204396147,259.2255036459666,1026.136443156968,272.441330818166,960.4540767789846,273.29413879001294,1059.9960495175674,347.7458409615237,919.1122809401767,351.19936361971565,1081.705174248965,459.54555752225144,881.0941165208606,460.82209889138346,1015.2390481619004,388.62625713422193,955.6178858814237,400.0510869346666,1019.5501781106516,537.6432195506482,943.9326027310706,538.3223489512415,1074.762263056182,724.6556915378449,900.6865868833573,726.8455226157155,1109.5141814582448,890.2644406016008,863.4460411093938,897.5416011201926
986.5067146691517,273.0922965487824,1001.6020561995638,259.51001365594504,973.8448367628229,259.9614306640302,1025.304600579184,271.9026415248534,960.2497165139114,271.72893846230187,1057.7482782202817,348.67309226231765,918.4834171156529,351.73586932184713,1080.4667453563118,455.83977811478036,882.2632671600932,455.53430563777556,1014.2286635343942,381.98775492796284,952.3885724345481,395.86293020337547,1018.9755010467796,537.2437683362716,943.0380892412584,537.4284307448905,1073.8329965841658,725.0866254909951,900.1978511068903,726.7149887977574,1109.2193358228483,889.7132914055438,863.3233818840121,897.9791595044657
987.3878448585953,270.94446434510974,1002.8020779432388,258.12943382052123,974.1234016639594,259.2006926155006,1025.1037980934084,270.591332285817,959.8184780080621,271.9718830334109,1059.2386335317678,348.17028219170925,917.3962893213463,349.95521924096226,1076.723615372908,451.5057202779489,883.8067732334675,453.7853026720221,1005.8531430616557,381.7741623615996,953.8108360952689,391.0194477291723,1017.9398604728294,540.0904581882684,942.4386608463533,539.3542022790555,1071.5631190509255,733.2878254338531,896.4639277974185,730.8499028897775,1107.3346346130713,892.4962674314227,863.4917835647607,899.4238295121122
983.0689212403842,283.03234181702373,1000.2895326441014,269.611688200468,969.8955318048747,269.95416781262975,1023.9248848437593,279.84001288377965,958.1176145810115,280.11836361639024,1061.3146979477326,354.4005792654109,916.906909161981,356.114559961088,1081.3079827055285,460.4665293055372,882.7902937729489,458.73574437296327,1010.3845814577518,401.22202123326394,954.4354279885795,402.42382011124147,1017.9355254198016,544.8314414960637,940.8636777764038,543.8043500672327,1073.0804430367534,739.7179741605089,887.9674398355924,738.6924267656959,1106.238830914161,897.8978773061832,864.8951196406299,901.053471096747
984.9601075411562,299.57621213036737,1001.4046457144468,284.95971456016406,971.3386672556105,285.1724805334763,1022.4102387236621,293.04760513734897,957.2825270483553,293.4834670169032,1060.2662124132648,370.0300193480144,916.3728004543897,367.4649271769321,1080.741901570085,476.9754702137087,884.0801277014871,473.85700519551585,1018.2199378216684,416.0277933513034,957.1069054197808,410.8209708664384,1020.65519716453,558.3151497305585,942.0172356313076,557.3826721755538,1078.4960285871925,741.6255172092841,875.524670394977,740.807652111607,1106.7207252310159,906.2557906959889,866.1708075925018,902.9582309444542
985.6442100025695,321.66993918745493,1004.0857417460192,307.81440818672,974.0120802029978,305.58504883692376,1024.5030305505986,314.10947326213426,957.4903463888634,311.99256928370505,1060.8119133742748,393.23205080218344,913.2869291174616,387.9117113631822,1081.1949771741288,503.3367639066798,883.157957968263,493.9060014001195,1014.9830831777093,437.11033052869095,957.7870297145004,445.3691988953362,1020.5927363245416,568.94754690769,943.3778280716222,568.1262966848045,1089.5938932608412,742.7171891131302,867.6593769231407,746.676297688993,1105.2303735950773,901.7214148272367,865.2943041878171,899.9934268149169
985.4602074967759,340.1549497139432,1002.4421812023247,323.7800378065661,972.7524986566307,322.8196727947057,1022.7343430901327,331.6254452917492,957.9225280151853,328.5345210972994,1062.3614867073125,409.7194042171151,913.8633615299055,401.60056628964486,1080.3886191538577,517.5968312403245,888.7801504026519,508.32375932864574,1016.5442811318759,451.54055264957174,960.4014933999955,458.0341574800475,1019.4667792619716,580.3025961362889,941.7628451497382,580.6971348206279,1094.9303246410136,741.9583326059753,866.1831364326451,745.4547269553516,1107.5763478990482,899.9390355793341,866.1649612164875,897.2812873699747
986.1001464184917,375.7939812845745,1002.1591901635013,359.70082211568365,971.8987862227532,357.7619135531607,1024.03130929164,365.2586057669407,958.8020219251525,361.076745831549,1061.6833042277767,438.0783224102687,914.8085528198462,433.19393957549283,1081.438522275658,553.4143975448158,885.7063514493514,539.7714191388786,1023.5190269440685,489.61476683470147,965.7097294823517,487.88883861359744,1017.2528546526456,598.060352829217,940.299914362952,599.3332759735854,1103.0392332334557,747.1590349985183,857.2528022903954,748.5294373419453,1105.718051618506,899.1238719316539,866.0041661263461,901.5327514512946
986.1757785700463,407.41142910298584,1002.4972872091674,393.35107309096674,973.3697783962748,393.0692815561761,1021.9884494388937,398.95544955847083,958.7382780973398,397.4039400579947,1063.5275984505624,476.7130148204877,914.241233160941,466.77942741408623,1080.66454188824,589.8638648722964,886.1605280389964,576.7385067698295,1022.0959189602042,520.1478503579974,967.9828359552095,516.2322728717107,1015.9979170261535,624.8853752829644,935.7129331565698,625.742037237709,1112.2023576010183,750.9511331864663,846.8046750851593,758.5831252586383,1108.4836768289576,898.5652274007731,867.3747598368172,904.3170258160523
985.0522130792557,430.8539534818756,1002.5964525175502,412.6131154353934,972.298410714499,413.1804498796374,1024.416227279822,413.5904963094852,958.1844798810798,413.325019919502,1062.017810146735,489.9368901387285,918.6673666426852,484.379185616732,1079.7136583138863,601.9666377958065,888.0992566868746,590.6687867387005,1025.1532052054058,538.4727490916983,971.6932244363168,539.1820153261417,1020.2354272720698,645.852269554397,938.9578024501284,644.752381255008,1114.800324652537,753.6513119924971,842.8275973064187,758.5322752663818,1109.3198946646298,899.0348591622721,868.9428855886067,903.7895892384315
986.4894911124037,462.0834999555578,1002.1921868656525,444.79651276404417,975.3511850203955,445.06792171146424,1024.0541682535688,447.40602118919236,959.833700225149,446.71088784691864,1061.0847200476255,521.6202143464798,918.9721225339626,514.8845157988069,1081.7905925872124,630.2087517455375,890.6942574714674,621.9551590206543,1021.7061730750431,561.9327065547619,971.7198825322026,565.6035918461456,1021.7425847771299,669.1697393168831,942.1168702790048,669.2384962502297,1119.4365245307804,756.7014938589066,844.3814077544296,757.6590171639901,1106.521077419552,901.4205499445974,867.8642694912887,900.1089079138903
987.2044407799465,476.4862982208794,1003.2674672038272,462.55847064291,975.0984766579937,461.7693524682699,1024.9187332743786,463.4117373285027,959.2881207677913,462.22083764094026,1058.5086600684604,536.8360420315211,918.0088530714257,529.3683882488211,1082.5641405451165,644.8422530118962,888.6090063738571,636.935975428305,1019.5167811850221,576.5576234227076,965.0071734092323,579.1070780805718,1021.8220105328111,683.9351051000403,943.5548627313997,685.1056834683076,1122.2453959935979,761.1272287194115,841.6166504752202,760.951568068465,1106.9647139712588,902.6659389733666,869.3392229825454,903.7683925379014
988.3209001952987,502.8576404762459,1004.9149568041703,486.45685310422016,973.9795601476678,485.4017011290826,1024.576437656536,487.7002571888061,958.5390386583675,486.81324488071186,1061.1481507960177,561.765191821684,919.1606688881903,551.1073722327301,1079.2590141796782,667.0562089704288,888.6938069100645,660.0080851389342,1018.0456315004617,594.8322262031055,973.9385971915767,596.6953465667763,1023.2247128249126,705.4270938690274,945.4709594359481,706.6330320495439,1126.3305293614944,758.9042945516767,844.7327877029212,759.7103035366903,1107.8927706928905,905.2920168513293,869.048247309616,904.0352571911839
988.4058093425663,535.532576248112,1003.109331207558,518.9948430243475,975.9533518935173,517.9432039452828,1024.9402147335047,520.5744205209581,960.5446428588812,518.1595049791152,1061.3456098457154,591.4341496251751,919.9451151623674,582.8540009693704,1082.7519807678839,694.2655369522284,890.4184491431993,687.4829514006911,1021.5070883744271,627.1440614148764,970.5234615754232,632.4441693579068,1025.4544308934383,729.9158569428874,950.5529441716394,733.0885411696371,1126.9185233472363,758.1686166501967,845.8444678176861,760.3787424126749,1107.5198836615878,906.2565886545729,869.5397885192048,903.9976453464716
988.7003425789854,545.6417382237225,1003.5515857447207,528.4430883740312,974.2215461317763,527.2776180469831,1025.3813149453094,530.3240617963332,960.6525570038411,528.0220465807283,1062.1740669722435,597.2248479887321,922.0852775063638,590.0954627931702,1083.1556772960216,702.3341604756739,888.6972237172573,691.6906472565724,1018.51511573831,635.4143386060447,964.751026220511,640.625583473096,1022.9722029133158,741.8835862470149,951.2507413485828,741.5292115879553,1128.4087228006058,759.688131897713,844.2365509565648,760.885486138843,1107.2330364780682,907.6400423168359,869.6673958158517,907.8107548112155
987.8370322003651,556.0830173868493,1003.2689884989076,541.3730700726668,973.3017412527099,539.7452754795677,1026.2492610636593,544.0549487529742,962.4039588604612,540.782456231735,1061.4158438790146,611.1214591703377,924.7877296448495,601.9877780820498,1084.6538151581008,715.129668304141,890.9290295207711,705.0988932814199,1020.2132618400066,649.1531572751117,969.2319804764928,648.7726436599332,1024.7219607403465,755.750936765158,951.624911253702,756.3598339801475,1128.0601052155237,759.5123573952857,843.1428727768337,761.2591267806598,1109.573171116835,905.9157422855913,870.4003748405854,906.6065503878274
988.4300505742535,563.1479326248052,1003.3366541636328,548.0280603080349,974.714595805063,545.601025787727,1025.770270459076,549.3697573944006,962.1613593683978,545.7208321449779,1061.7968964133697,615.1734317722517,923.8279232713386,607.8736043857783,1080.3480447478687,718.8615884542571,890.5909034788025,711.3429535715326,1018.8013148419586,653.6790225592969,960.4886163375546,659.037938189273,1023.0683614709404,760.6265879579956,949.9783147347434,762.1414586588074,1125.8153803020057,758.8588149809199,845.3337102086275,756.683925075098,1107.0449106546473,904.6110298500973,868.6329594398863,903.2184300845041
987.1883704660378,561.3495469574467,1002.768664058777,544.732963790259,972.4652947050994,543.7456652955703,1025.2962839946265,547.4447395984376,960.5801022256177,543.7959170153599,1063.6193931232553,615.2223204731368,922.9695590059769,610.1610159427222,1079.3921734073683,719.2878592953343,891.6897239677938,710.3547553898972,1019.3979144847423,653.7600513932404,965.5294097570134,656.8366390377668,1025.9791857396142,761.9547340378258,953.4076342673393,762.6546761583822,1124.7939936523705,758.7169061865146,845.0721946429283,755.4140640859671,1107.2370860462074,906.0326396279441,868.7946578926387,903.7886655994738
984.839337697592,558.7651851544889,1003.6504221737118,542.5112923229987,974.4446138381088,541.3483194712306,1024.5506230526448,543.9221059816617,961.6888747405528,540.7316406337837,1063.763174269879,611.6356687788256,922.7869049088432,606.1895175177732,1081.229544304692,715.9008268889819,891.6394153564363,706.0102006417412,1019.4440435324431,647.5556761751449,964.5387249707231,650.0359640470275,1025.3310344501547,758.9400705174553,952.9584145751046,758.6334211967818,1124.393820697064,760.754235560981,843.639828803827,757.1713656622933,1108.2827713311162,905.8696757676121,868.7511935315135,903.6938987249927
984.782409495504,545.1844911622574,1000.900825100136,530.202853455482,974.5106628047994,529.1720754801614,1022.5272627594113,534.1197276916708,961.1650911395617,530.500098144533,1062.6524924418645,602.732764835782,920.2096064811312,596.9406595331618,1079.1552722317833,702.4558332791182,889.5293932052061,695.031743839068,1019.4326179141929,637.9225102684935,967.4292286970608,633.9486621538106,1025.0048446488925,748.4192829819176,951.6402681083893,747.5604158019111,1121.602686362269,764.1056992282502,842.3125613702854,758.0278692770598,1106.9545510197593,904.6143241738407,868.3493819515515,902.0077109198122
983.59411961567,522.5175735238244,998.8252434175268,507.3735945734437,973.3228679166115,507.6347808397459,1024.87299663019,512.8214898308315,960.105566298289,509.80626170260484,1061.722618952639,586.2050189999118,917.8484854363892,578.5976848537871,1081.842313356769,683.122011671412,888.2457257090804,675.2048567520528,1020.2777484832463,606.490261652619,962.438430162366,611.5643291701629,1027.668138738665,731.0563289643981,951.5906876808452,729.7353505162721,1122.6036894229546,764.7032741849779,844.9387799095763,755.8967169508334,1107.3775656302605,904.1026392271209,869.0289096718282,906.8038770539245
985.7381861575154,485.74933066477644,1000.1615368114649,472.2137028081626,973.2092730795407,473.40804110819147,1023.2887182855684,480.0748248384944,960.9478148643005,479.36574467089895,1062.321628097954,558.504773329729,916.372416829267,549.9980796327624,1088.6687502858535,660.4577713758372,876.0598856885888,647.7179394476178,1029.2830821873783,582.1046147708688,955.3085452366845,579.6497918954075,1025.2286768029069,708.5680449273739,947.7456592643376,707.8358262367335,1117.8247671636075,767.9543316569888,846.6074929423187,758.3164021842686,1106.8032691469252,906.1499295361167,869.570307559441,907.740533301502
985.8624674423154,445.3433838632994,1001.3210139795642,432.5609887720069,975.1075082029492,432.84671608310947,1022.4811704329592,444.336192080626,962.9440261333565,442.0662584832987,1063.657699779491,519.7150139208595,918.5801694433901,513.3196254581792,1098.4864819554375,629.4331148127491,865.9497813181372,616.6881591750666,1050.8958288066374,559.6476773073723,939.5568266279057,555.438702974613,1021.6960704883186,683.1719748439316,945.3086829405086,682.4146210450618,1113.9206547080414,763.5240278962731,843.3694325944294,755.4669397144003,1106.5808980710422,907.8974484842954,866.9836508861454,906.8251803917221
988.7591978706497,423.7828196233067,1003.666583650618,413.62757732839003,977.2134645370281,412.4037510159292,1024.9233614072486,422.0048941999718,962.6678137753661,421.532224060146,1064.0890051068068,502.694439116422,916.8588124146519,496.2223438619889,1105.7077233591463,613.4300070097984,857.7188055370864,602.6144329805529,1060.9790101556785,560.2269444366872,916.256759258163,557.7029560225117,1023.5964469989143,666.926177668972,944.0670183603536,667.1918807207198,1115.97584466536,758.6596512547341,844.5378988034488,750.7003755029067,1106.7587197655293,901.2373343418071,865.9970697898573,902.6554972232276
989.9140532593674,380.3658353981918,1003.5346820989394,367.9195455843097,977.7947902872323,368.32961862119026,1023.724245413965,380.23745922791824,963.4049910704264,380.3704645033667,1063.5923690598243,457.9392618831823,919.7546880711319,451.8381254102883,1104.2347630673353,569.5896468952218,871.902983135612,543.4282336441125,1098.8786589772421,581.7608756176772,865.79225521475,567.7488229740185,1022.5701807581491,638.55679413512,940.1702347866217,636.336755463437,1110.1283359698507,749.492524512455,845.8483797854401,748.0312244316963,1109.0934641316844,900.8533393339721,865.7015179919784,904.4904782214575
988.3548765191471,337.23279286083715,1004.098460185519,326.0404993280224,974.6751706378077,326.2128748643274,1021.9189735977005,339.17933330998324,959.57649144237,338.9739838504044,1061.3732162472606,422.91015845767754,914.5437239978077,413.71339453270144,1097.5765615734858,518.7378004335693,872.4763370221307,512.6399285283377,1125.1648204950984,602.3513716444877,842.6383245481851,581.8430508526047,1018.6008565913847,607.9866286843387,937.2161266058669,603.731022278033,1101.8372136259707,742.6282583392608,855.4988843671902,743.9476739653207,1109.88026553236,900.8213172258426,865.0353224439307,901.9661368142833
987.145186659732,307.6064613389068,1003.6614490919917,295.68417173252675,974.4188018850618,295.4394127280162,1019.4642315231436,310.0405406392916,958.7253622251424,308.71383859720197,1060.4773918589656,390.58545744967864,914.7972180859713,382.8463143513444,1097.1391606190568,500.6764444067854,874.2239207928053,490.723868612916,1132.344282576181,593.2817757065343,831.5764695718597,585.2479423550545,1017.2326075361995,581.5182833976736,936.0121426551526,578.8630482662948,1094.327192181233,747.0244945178658,866.1619174844087,744.9135246233161,1110.5767501290838,900.5116684815673,868.0011773098978,904.8683040031243
987.955638951033,286.91036063861986,1000.2411048117273,276.3219113968503,974.0999291276863,277.7242073965948,1019.5361072428055,291.1456965072702,957.3256858890918,289.6285652300683,1057.5721715931638,373.81809999106633,912.9359833822944,368.3977803187457,1092.1613206942086,481.1622858632612,874.4695044400462,476.9956447078671,1122.0717554566577,573.998854158135,833.4995899217196,569.688456974194,1014.0830203306662,563.8033868870543,935.6871741569537,561.2210838749039,1081.9609631346088,738.0556006510747,879.4868712586002,738.4062251109455,1109.4455841175231,897.1006549055345,867.6814379643474,903.644183887872
986.8153969702421,280.6798731254403,1001.3256558037867,268.57713558007356,973.4380165318372,270.0799193370275,1017.104612254439,279.3145465746396,956.3746620823342,281.56079315329407,1056.5292172010757,357.70888219315884,913.4947355642656,355.44612230727745,1093.0451504982532,474.1694728068202,875.821414775256,474.0585024115975,1113.8911321589792,558.3416945052261,843.4158025920106,562.4957679967189,1015.5142388098499,555.3826457421691,934.5885502987745,554.2025206032076,1077.2355212770865,734.3776991049634,886.6814925854467,734.8893810978929,1106.4762810843552,895.9948565218899,866.9488063089385,902.8647320583743
985.7833315530274,280.83310898001605,1002.1397504686059,269.5475464647842,973.506295208723,269.81963029612587,1017.8169345049018,281.0876854777115,956.4342857593116,280.4424471087295,1055.2149831507875,356.7477013939107,913.1513890309152,355.3759210951551,1082.5181293845235,456.3720287692628,881.9859014969246,465.0035167533587,1110.6621242952308,553.913455269553,846.0928378840908,558.0378850794574,1018.3364429018962,550.5002205352471,934.882708374498,549.2966099718856,1069.297236675355,733.6093238097109,892.8781946656459,736.8422950902032,1105.0584365411505,893.8801475921973,865.5324100037242,902.4426492317975
986.8575517020677,279.7830295645423,1002.1939605365851,268.15705034406807,972.3697554083751,268.1592533880474,1020.9419403333255,278.0840168700642,955.9565238544236,278.73776702371447,1053.6255958360791,356.6231893507286,916.9100996747827,357.72090951590917,1078.1359329980014,469.05242939485413,888.2288337630312,464.3380159897438,1104.068555352956,560.711823999801,857.1082064915308,561.1097315089299,1016.121982238373,547.2721730873433,935.8165223945141,546.9773176811544,1068.35391417702,729.9263479895632,901.6414187066002,733.5059042024134,1104.8234315196678,894.7834272317975,865.6347671984139,901.0235052422722
986.1556098132302,283.89285141397846,1002.5425199019888,269.617584948446,972.5985017910336,270.404671321568,1017.0602168638231,280.4752581722712,955.9066592971693,280.8210868880757,1055.2077591386492,356.1320794528447,914.7839958041234,358.86781873983506,1075.1856005902123,470.031985796586,885.3801176457945,469.2441404446078,1098.1203224681522,559.0654678763063,864.808552334361,555.8148120340092,1019.2961179754486,547.3620392137788,936.0299138292454,545.9812289807862,1067.1003506314246,729.7144762872858,902.4870709753822,731.1910949512196,1105.3915423044245,893.8653101262765,867.0036962814115,901.0823388722197
986.6297758093773,284.3172785073697,1001.082682258683,270.9159245341887,970.8365299402077,272.50033067643665,1018.2919459727465,279.5121040286124,955.7476814142598,282.190273771194,1057.5202859076883,356.30605083978617,915.4641520795522,361.6811198480898,1069.2059369935214,467.2290791805417,892.4751197286255,473.33639904482914,1089.3081136836827,562.3980441186703,867.8870321632244,562.2757826577378,1024.2482891532081,546.6778915441379,938.6046426582017,545.3718177741872,1067.7197911506175,729.5541466744082,903.6350516013313,732.365906831703,1105.6513080273087,894.7424581128716,867.4633242229525,900.8161966264674
986.8755958881165,286.6230287656662,1000.8993386415273,272.5072819535467,972.6135458761861,271.8091447022128,1020.4806238601714,280.63903505533796,956.2142156995573,281.906399844749,1056.9073802825467,357.6750914840625,914.8075937023563,364.8117240181507,1067.4583123610203,464.61727525813336,900.5946666517223,471.44318476327925,1089.738924601631,560.6444182271815,874.4108596093637,570.3759407436213,1026.2161355663814,546.4682826506587,940.3246377400973,545.4529140854793,1068.4049950500485,728.9668331982755,906.7335397813437,731.6947307028969,1106.4983291293725,900.0862628984593,868.1278400215174,898.4071507668825
988.4726395866663,287.13170134296513,1001.3517249367941,272.65388338874584,974.2380863764282,272.36309303583914,1020.8459393135122,279.3501682192773,957.8730128116921,281.9734754313561,1056.5393436263707,358.9616685384779,917.2173117233818,363.9204186266964,1066.779693674955,468.1831178936925,900.4024168835477,473.05517681253804,1091.1894645560865,563.946155872707,867.9870889129878,572.8429701303728,1024.2706205059458,544.8163889426861,939.621076305383,543.6173553230428,1068.2842997332239,729.4674650338478,909.0476950159349,732.1570699637083,1107.9218735842671,900.4445418319877,867.0235299921525,896.7820299270841
988.0539644079353,284.69313386008037,1003.4870578017541,272.18794470082264,974.9937063222883,271.20766458356985,1022.573229204707,282.70277981234506,958.2481317937047,282.63360468957706,1058.1342079430196,361.1876288763626,916.1096722213716,364.9162354752739,1074.6617783390732,480.0781089634331,893.4551951206025,477.78383255595674,1094.643190167586,565.0691119633034,866.8767709582852,569.6324546286002,1020.4537431681787,549.8362228084693,937.7381216959416,548.5936425432054,1063.5978330638075,729.985456699653,907.0670207229643,732.2728576117688,1107.6622716754616,900.1730145458813,867.817924413976,897.3028262751536
988.8833543591362,287.63641388576434,1006.0568138921437,274.1789207728881,976.1751079316803,273.57288931895425,1021.1954959515721,284.4286390598256,960.2696700752412,282.3598740501801,1057.4560239084449,359.3549290486602,919.8476800470543,361.01036338670644,1081.9285581987933,469.1202157845232,890.1480537639045,462.0855248413906,1107.460437733102,555.931069794763,868.5552089938725,555.0772586446475,1021.4356711879461,549.2609152869095,940.6939051268722,547.575440190284,1068.0056847150386,730.4156389009968,906.188084274263,731.7864527631979,1106.8829010070758,896.1049275016692,867.7949138453597,902.2311808776212
990.1157654859102,286.0007134904332,1007.0266032797311,273.24904956688164,976.85929024274,272.1047583099919,1022.6468984333976,282.9026398126837,960.1862532023067,278.09972466015233,1055.9790124998149,355.6670654915569,918.4471503615716,354.8713699578083,1088.751410914421,457.06006667268537,877.9610599772171,457.1884381099071,1096.4514210584134,529.6559858727942,870.820891934442,519.056895481663,1021.1954109889717,542.4785626233689,940.5200322666054,541.3984823749713,1069.8299769815135,730.436121303758,902.2934663224751,731.2913239280864,1107.4845869713083,899.2428415384267,864.8908699993299,898.5372538515696
989.9581010121018,281.39035825039383,1006.3403851353384,270.8011051314303,977.0040531528865,269.82888138618557,1025.2177422870466,281.0443791475222,960.179517258764,278.96079454733297,1057.5025045078874,355.3100368774918,917.417781737026,353.016240357804,1086.7511162868661,447.5769347385974,871.0936256120774,450.6936570553604,1091.2756508563411,502.6764811371783,876.590639224246,497.3033889067495,1020.6337234119568,545.652538867344,940.6906716572344,543.945875420844,1072.8112628581198,729.4004779820732,897.8996790478419,730.5561074146725,1108.1748101948035,901.6854084586697,865.3488968851534,899.8077467808359
987.7253535986939,286.4034557024446,1005.401397175074,275.0660268022694,976.3700304006675,273.077972863686,1025.3395250572732,283.56941756259783,959.6809045753885,279.69004355377206,1060.4230701081872,359.89492854814637,915.1216268248468,356.342821080834,1107.8720599837588,480.3071648707975,864.974758844718,460.4049787451951,1035.280586081479,478.2383185603183,928.938602974342,481.7230352340115,1017.452964273087,550.4394619227378,941.9113307460459,552.2629955337167,1078.450005294071,737.9520477548575,885.5219310242512,740.9395020574511,1109.3471015059158,896.3864761592737,865.9832212283247,902.1740689903783
988.8711482655884,305.7349757129745,1008.2880127782662,289.6113186627562,977.4608691812587,288.0039336969555,1025.029731429992,301.3834962731329,960.5317852499252,297.18004395049144,1060.0478346552534,380.5614643516775,916.3392433288275,371.4320446008074,1095.4128175234703,500.96615340405356,872.0340409323876,480.62787098762175,1024.9566856153233,449.68248667753727,946.7390714236442,455.5779324354133,1019.530331734029,561.1706596439585,943.1914981244539,560.8194063011575,1090.79690519639,736.7525383253737,873.9758882553738,738.6261408490395,1111.3291134421988,899.3275363890375,865.1750238532767,904.770329349063
989.7425438716231,318.3449406757196,1007.944656891169,302.14588613755154,976.9643854121653,299.97604062835126,1027.4896913489779,312.10903295477186,960.9617023916102,306.24306073443876,1060.0401710212104,392.0331770752355,915.4235700927329,380.9992836614757,1092.3108979836554,508.8227621607974,873.293605518566,494.47230081287347,1023.3996140724234,454.6377032795579,943.6283950260074,464.26824945833147,1019.8470109502445,570.720291757377,942.9119353244874,570.7292126947399,1095.7574355964157,737.2199273934592,869.9781218972304,739.1261000592509,1110.4479029465365,898.7459186584903,865.7698052354082,902.03429445911
993.5023272926871,348.9636515084952,1011.2106635537054,335.14836987360985,979.3302052166246,334.2760099685243,1026.2059799001772,343.4232923594798,962.0883060559347,336.63946971492084,1062.9847296470964,417.9256333001608,916.8883740896966,412.7435777844507,1081.7447084844337,535.8518526728012,877.4315069136268,523.0187536237011,1022.1769911565882,477.8808229369047,949.1936577704894,477.6837559385868,1018.9732903566972,582.2625701770565,942.7302742019712,581.9342917220536,1104.1609546364516,742.213071179767,856.3896859005473,744.6131821045904,1110.4840858863554,900.1146273683835,865.753163850324,901.380490788944
990.7934981207701,391.5755507623423,1009.6340988290222,374.65024624269034,979.9754497198843,374.346908934221,1026.855998554048,380.727357822278,963.2459069793857,376.8560147063028,1062.8352087885464,454.7804969785675,919.3254395241611,447.31948847558533,1081.4815268525076,573.4947603067922,884.4087067675457,559.8845180669639,1029.73267507259,509.72597705383765,954.4575755949668,510.4532068951667,1018.043335974446,612.5801766852693,937.9030294147349,613.3547847068513,1114.2883253252191,741.8591779695222,852.467236587995,750.5924488453314,1110.1307868125552,902.7866202042484,867.3685457058815,904.7312353683825
995.2893880406886,426.90658508894245,1010.7622335289399,411.4814848892622,981.4447506762151,409.1145577829242,1028.1692110469041,416.3764359837908,964.129238420841,414.46573929324836,1065.3985234134639,491.2516807730196,920.0734351483114,485.14715426809863,1081.4307822496862,606.2853497384239,893.4996572739495,598.2599473443819,1026.8125325183369,538.1929391059818,965.8072044904656,539.3263075141792,1022.1941690058898,642.134232113066,943.6321470486625,641.875684684159,1125.5293044363334,746.3896261048611,846.155003413052,752.4082089828596,1112.6416803378097,900.7687005442348,866.9319489838333,901.4050795924315
996.8162109203533,472.0832195117307,1010.9258360310462,454.6725448906493,980.7997841595072,452.78739819148103,1027.0221124852326,451.16835445057126,964.3257167280449,447.95935023553227,1065.923243209411,526.6372502663937,923.7101495240331,519.2275522746305,1081.9455373994429,639.4649045680164,899.3057814016223,628.1370050671956,1025.976732185326,563.0992417828627,970.9240545762669,566.5026516043325,1026.235726527456,671.2435404367234,947.9212497947109,671.0281004727792,1129.2267486345465,749.5257651148103,847.7745204029427,752.802611479808,1110.8548875612,904.8369917756943,865.6634845319669,901.735378440029
993.3988480721825,487.10033657481273,1008.3663714069949,470.52595262866964,982.1793436304966,469.9264543552808,1027.7659035551476,471.035472333655,963.7842827682522,468.8808398393779,1062.4764125469937,542.0612759694106,925.2241252883618,536.1045280498073,1080.341898658613,650.5739535516409,903.6347384294118,643.6447182370979,1023.5417379420751,580.8117046095801,978.2428767630587,582.7728623453784,1025.9441761366552,687.9227515475282,949.4432582228204,689.9437097830528,1130.9065202756387,751.2197052308495,848.3630847368021,752.6516875805679,1111.3224817075986,902.1531452604942,866.0787917802916,904.4765440024745
996.0045068529496,513.7682708518327,1010.1057509676623,497.76660086485396,982.1344295392471,497.6851592357383,1030.574747085399,498.5033931032597,965.5089277537362,496.6233362949084,1066.3178575820514,569.58180864312,927.0264768144946,563.5860322781806,1081.4781198876117,674.3784350419485,906.0986270623081,668.1647884685075,1022.9003971091392,604.2855515120724,982.4562313165371,607.0615095238747,1029.6791315509277,707.859012593003,954.8670484165746,711.1041083225236,1129.913174199229,750.8026780781645,850.3047225208969,750.4567935402238,1112.3538118625129,906.2835778284281,866.997469052897,903.2011922244238
996.4833913655468,539.8230282211753,1012.2498735451716,522.1781691859894,982.367105699608,520.794676968001,1030.113931470382,519.3068106506008,965.7183992449951,518.5804087546618,1067.1467318642394,588.6536794879025,930.4563892026049,581.8551520782835,1080.9665134081015,692.6328938467585,904.1989238006042,688.5512473210205,1022.3994121830706,621.7447846297681,977.9086864386778,625.3285665352954,1028.8252508448452,723.7851010929157,956.1477575128531,727.1532285445924,1130.3415552078118,753.1509955153697,851.4016915215833,750.0805342959909,1110.7299491355525,906.3626441482565,868.3782375703008,905.0489947545448
996.199884146994,547.7589142318184,1011.1793811895295,531.409630626731,982.6808549814423,528.5864331622402,1029.759989035725,527.9627954022244,966.1286303757611,526.307160605701,1066.022018984079,595.0147415769732,927.9392639427297,590.8260764838494,1080.5938412604041,700.7076435450931,904.8141760399535,696.8389707106953,1021.1488822904896,632.2309951555678,975.1636445595962,636.2071198062936,1025.7924370613819,735.3505785076634,952.4249138171216,736.168633485482,1131.9478561075491,751.245330987987,851.9381036883558,751.7564319981554,1111.0179763796016,907.7313568190383,869.198812733228,905.334690749226
995.812430693648,555.0678249075964,1009.1288399470927,538.1042952900302,983.7654201199947,536.5412601073899,1030.4010639180224,535.2429037263956,965.0174613516022,532.060016891579,1066.353784470754,603.6451682716196,928.3783178051981,598.2894287226635,1084.4537992978794,710.6366983475763,902.0484931325284,704.8915593173114,1022.770402113956,645.1536669594681,974.6317625925077,647.1166234955901,1026.5651321251876,745.4732311448626,954.3904032608209,744.9996074802201,1129.591367967423,752.7845791415018,849.4419452075477,751.4081903258029,1110.590195383587,906.0210249735445,868.7277988114479,905.6049394656956
994.9985371537174,548.7855743062123,1008.8659368222797,532.0366968244336,981.5799792647213,530.4564156507591,1028.9610868071845,529.141787823941,963.5271673913393,527.2339651509649,1065.5998368764974,597.1715822594092,927.4068204377372,594.4644315357351,1079.2554948954767,703.1286026194944,899.2807759744333,696.4759731243313,1021.0271062591233,632.2958693734263,968.591319074258,633.8267505322839,1027.8007784615193,740.5806519992668,955.7225715932116,741.0826535290303,1128.7326819161829,751.6000417311046,848.6703756292237,750.5029467926763,1110.8663196824427,909.0967443903425,870.0171062098591,904.6104868846244
993.3097940705334,528.5218241893984,1008.5887078456573,511.4360292499624,978.8477977001097,510.2065288465833,1028.604386317028,511.8190623908239,963.7684418370026,508.58628556247174,1064.5872179227629,582.8547485929035,923.3816078559058,575.6729766822662,1082.0763897682682,681.3055982828984,893.494975336753,673.9401604724301,1021.9480124534944,614.5577046351999,971.6544114394084,611.8479217415185,1029.02419408807,721.5679987204852,953.2938068672761,721.3390111562727,1127.0805786680828,754.7217205554377,849.2063083272702,752.2463800741787,1111.4604467283443,907.1769353797887,867.922663509172,905.1611617151859
991.3617692797228,489.9020970617768,1007.1407747000087,475.20911367463754,978.787549682296,474.37023887399323,1027.0900730158307,479.77589218087485,963.7571727167062,474.84546706418,1062.5521302115487,553.5341076763368,921.0589243434199,543.1417305794517,1089.6238868465564,653.5708030295107,885.7243087299378,639.6808432397445,1022.3134911621914,587.6784179207418,962.5322569490318,589.9085465106649,1026.6932137185304,699.0641610973792,950.5620965775149,698.1430504701468,1125.6221698599104,755.648570457436,852.0306603948256,750.114705484885,1110.9267482193266,906.4003346022644,869.589371985496,905.6990095031316
993.4352281881906,446.7333420541049,1008.0559867953098,432.8278933773324,980.7311019640294,431.93590808810734,1025.3658502210517,439.2000407902372,965.0146149415193,436.2247910031467,1060.658474418587,513.9630796495068,922.8824541150889,505.72797828064284,1099.199685611076,615.4312070219605,872.9452404771795,601.8267232224418,1023.968159602786,566.9542005714948,947.6860647830928,567.8131253912371,1022.8072725801692,674.9369726291611,948.3911390031205,673.4728111331159,1122.3496079212005,752.0212321929145,850.3156771839454,750.3113611583962,1110.4667356034201,904.9668201460257,867.0322368469527,904.5773382456903
993.1645168204601,422.7472150443795,1006.1561118030058,410.9635560482094,981.4073243078554,409.59925730682943,1025.9857946701725,415.7096753611805,964.6402038456486,414.3889718141771,1061.050370720799,485.0962758524866,922.1839906866645,485.6745555098386,1097.9440527827114,599.8105208499251,866.8944232615288,582.3834932700619,1033.2978667644873,556.9432753960435,935.5319536774089,552.920237443448,1024.1969158217535,660.7737076473865,945.7716587795047,658.4172398034309,1122.6723671874472,749.4156612169211,849.1158905054785,747.6751836303145,1112.4489156756163,902.9286452902606,865.9253194983391,901.222302135362
991.511825414818,376.4328820545629,1007.2340717756881,363.675378944567,978.4822693578528,363.6296157638362,1025.6534753007809,370.1651243533078,964.0260335355155,371.0453491875143,1063.293483605095,446.81016034490784,921.579447395986,442.70683752051633,1103.145394556321,550.9524111779879,864.2701017896294,533.5309475389822,1076.4532476564257,573.9678007360142,886.374704432257,567.1523557814469,1024.1445029810134,625.8770467410922,943.9027294161835,624.1747794041495,1120.1377641156641,739.2358078550878,852.3295741491901,747.1916206031344,1113.8866784294046,901.7638782754445,865.2261279643669,904.1988090934512
991.3051745471448,358.8989615007811,1007.5332142948307,344.09803809345357,977.1101711440983,342.2864586311126,1024.6651043241322,353.0783009091968,962.3739919574117,347.6093049072531,1062.9692278975206,427.40886877382565,921.3276562545566,421.833837541775,1101.02078633151,524.9638595548391,869.2768786390877,515.9040870137635,1100.0064978839764,575.1358320194187,860.8655347264466,553.013591863115,1019.1974081387115,605.5742058124614,940.834727218071,602.9684076289127,1114.0314051390321,739.1579219856488,856.1050209313436,744.2244732141071,1111.650922186433,901.3493770765594,864.6927905333044,903.2246475485248
988.2213555672465,324.783873365536,1006.4392221611171,309.33551052957637,977.0240629201655,307.69737625366594,1024.5519114576605,315.57967772305705,960.4471155215301,311.73822497022934,1063.7142031368608,393.7294395014389,917.937191067201,387.3173198406136,1103.9090981725647,497.9653808477361,872.0003142234768,484.31972344762966,1123.4888169406945,579.7505486231707,842.2288344059796,570.1159844344908,1018.2014434143146,582.4767663214435,939.5912114665142,580.2446348455471,1102.9096795526423,738.7493565666499,867.2527243358711,742.187150439305,1112.9048881314277,900.3258389780336,865.4610893537008,902.3887027378795
988.0883485326341,300.30625014953023,1005.0951123678261,287.54833353472907,975.1542512107147,286.2945184432266,1023.6363779633773,296.9794067480796,959.819514376838,295.03446064393705,1062.7044882342568,373.1127692223858,914.2735617765763,368.986635867962,1103.4403171572822,482.86449940487086,870.846108806402,471.6088574147743,1128.7632434829234,569.2920353439838,829.9880276262489,563.4376270963066,1018.9374963176128,565.9180052611507,939.5292641778714,562.934256903897,1089.4402339505857,733.7289576725792,876.0803883196207,737.8315546750575,1111.0348653550532,895.3784008838743,867.0802469041083,900.9428275982826
989.8441005309556,289.987941766656,1004.2758507052183,278.006849661829,976.170454424403,277.5955715012959,1022.1167707382901,284.9089390013793,959.7987201546885,283.0141217617805,1062.3555670770256,358.76443374972905,916.4123458294214,355.8193225092998,1098.446817816421,471.70964554722144,873.2565822412747,463.629147790901,1129.5644231980036,559.0187461218597,831.368411558662,560.3363541675354,1017.7466589624269,555.5603512136819,939.9767313059716,553.8657262164452,1077.5311518007957,729.1160239262198,890.2250984081511,734.5195744330907,1111.6844774691776,896.8353918676164,864.0622480322636,903.1524309608757
989.0865590465191,286.039633751102,1003.4440954381917,275.6290011578708,975.3121208527072,275.043743245113,1022.1565603858152,281.4835289937178,959.8930473527317,280.39026641830833,1061.5482706471962,356.5632246505707,918.4307662886183,353.6551561297052,1095.8719988963128,470.51601351398716,879.5347974811638,465.74565014424246,1121.0256273416996,558.1814973812948,844.1470248685193,553.8035815150615,1022.4841419694915,551.522624692198,939.8128622676248,548.6332737004391,1071.7752405891067,733.4948895050246,898.4709542786287,733.730025361389,1107.3779172461498,895.3294761327303,865.5221203923428,899.4581559349963
990.4452434131811,291.23486630645925,1005.802494242728,274.8472383245464,974.5735969030169,273.9633158507407,1026.030746019183,282.2451162763866,959.8388752280689,280.8495451617182,1058.8790482673958,356.2661627473777,919.8510416304042,357.8571732540507,1082.171797701872,467.9748839966772,889.8712732133458,468.69505792801243,1101.3353468155715,559.2895571337795,852.3081267417369,557.6008768772814,1018.0869064026351,544.7798679609211,940.3701050245305,545.7073684744724,1070.5375349326434,731.4572270446056,905.4523828098144,731.8382164854978,1109.2045168969682,898.9907907277358,863.6197372052284,899.2127015937406
989.0853124344854,286.26112810483846,1005.7752671699964,273.55947272852876,975.2101043204699,273.43380175552875,1022.3082121997775,281.66403056459586,959.9647147277723,281.1849739785548,1060.6031575443033,358.0267122809354,918.9158798248257,358.56828199055406,1080.776806211164,468.6079400921621,893.2522768144786,469.45435135121465,1102.769087427646,555.8456171663391,862.6118453829941,559.7214561115168,1017.4615931159202,546.1724034248625,938.3422027457992,544.616111085653,1070.277787154302,728.0246854058703,906.133595792868,731.6609391704527,1109.316670273609,896.8834408281294,866.1077006136125,897.2805413817835
990.080396988332,288.2264094124125,1005.0810175712538,274.7118808472622,976.2602297212313,275.28551367549846,1022.3769752373018,282.7757518396912,960.289663282392,283.6790328032532,1060.8481200260694,358.3779448842059,919.3663332086155,362.2786531522762,1072.6244008672916,467.3702218548695,902.8796709685589,468.6698032559538,1098.3159298570256,558.2632638295361,868.7081158679965,563.9737571054561,1023.8532469309869,544.2905038343238,939.3974777555882,542.455437787031,1068.4012586250512,729.9387449846084,904.8947007498143,734.0992385952411,1108.5068578662494,896.9936881160778,865.4036523538794,901.963023906975
990.8732195004977,293.999545960416,1008.1873976530442,277.42660963472406,977.6419773665588,276.79852668172373,1026.9686473230868,285.35369596686274,960.8607211864437,284.3628389770949,1062.3030433166741,362.8682029981031,920.4084719080323,367.9684424129695,1070.5037846720315,476.5843203020024,906.5015791315861,476.2288171069034,1089.8682889719705,564.3752019732788,880.3877368420215,573.1494181644575,1024.753395957285,543.4484907768297,940.9993419037535,542.123610296751,1069.4285705579764,728.1983246353059,906.471702116702,733.9570872522704,1108.165106015075,901.1582327128375,865.8997143647578,898.0943409962407
992.2204918923892,293.6244719111034,1009.0280600801468,277.1269200164642,977.9648683397028,276.5815722415817,1024.3293222511081,289.0984288169402,961.2939574663388,286.447566532787,1061.6944870611437,363.68659074703675,921.6812257905009,370.5350905555883,1071.8845298809572,477.6912893526553,906.7014363679345,476.71697806107903,1091.2125694888437,564.8089432774646,877.6187248703937,573.5314833764292,1023.9678416130341,541.3904109131512,941.0053953206541,540.4625661840273,1065.1069216949888,726.3501398656126,907.691356118713,734.8778945952236,1109.1927456001108,900.8662462029466,865.7723400400737,897.9467723314893
991.9609144021389,292.2753735647925,1008.9188471352652,277.4028991367369,977.8124741650664,277.03381823027627,1024.4171829351897,287.67231641693513,961.8137271880784,287.6206566700487,1061.7008264310964,362.43701698196924,921.7906631715956,369.3983576585539,1078.973118052375,476.4966686328358,898.599927293194,476.57950436146723,1107.1729322424571,557.1874176668011,869.2843912372296,566.2533365448135,1022.3887755187105,546.6486234349675,940.6613832749938,544.642295252774,1070.39217032745,728.7300469801113,906.3564034711716,733.343834944632,1110.5233145117652,898.0481805724464,866.2258768878155,898.8926469504427
990.2952240283389,289.18308424412965,1006.578420730221,275.66595734680766,977.0975968617254,275.4289650929052,1024.4146159646984,281.16131727689753,960.7230711289137,280.7278461044593,1060.7275752963776,357.25927054750883,920.7497363766131,359.0288211476221,1087.2255494764765,463.0284641597779,891.3341186011538,464.5466321085155,1106.2507940177434,552.8028765298142,854.528974769087,559.894140399214,1019.3561317953673,547.5846678080532,941.0320207393802,546.5480023056423,1072.8729188862778,729.1761442886773,904.1693406303445,730.965160527589,1110.3479945732745,896.2549112457324,861.6630174805797,898.9704817662832
991.5822187015826,290.2290036810827,1006.6850658245407,276.70205928669344,977.0850066027415,276.9109514901008,1023.360277264521,283.0820671506393,960.9247914455365,281.52521643869306,1060.4347712641697,355.34883427439775,921.6894738817964,356.6434395810656,1087.1515161712177,464.8213692069872,890.1260117942617,463.45642380457906,1121.6686326692438,551.8619867330804,850.9730724808496,552.2615628014704,1022.1198940223459,548.4175130866846,942.7436270141583,546.7823640010698,1075.8536829061181,729.3082637589217,898.7350804186494,731.7296957407426,1109.4754931372047,895.8829790773069,863.2781315923626,904.0617214518159
991.6121349907712,300.5011552534554,1009.4674537219199,284.1076399658301,977.4433534250962,283.174221763035,1028.427493459034,291.98178836515604,961.013563298298,290.1924545731303,1060.823407674259,361.58681303229486,921.421097872621,363.19851597795326,1091.3184642939082,460.58379033824036,886.9147748848777,455.5516845508678,1109.7506662869891,533.3607689398347,866.2693620654068,528.3735324165004,1022.1386663041495,553.146790202685,942.8323185112887,551.9379174998315,1085.8987053814192,728.8670513588172,887.1839395391826,737.6439581460108,1110.1179729070168,896.1521964552942,864.4134755937191,903.5784925580014
990.1831310887952,320.11196086425264,1006.9533595053433,305.44681759868524,975.4021757044846,304.05973741141065,1026.608632239918,312.9614299912824,959.4072297172304,309.22372334916537,1065.3497220283696,384.627721589038,915.3153484903289,383.2122541064831,1092.9365408405176,501.2284489497405,869.8181327126687,478.80713727230426,1072.627681433209,520.3261338542569,876.9190801079659,504.10338547972236,1026.6739557059395,563.1517757628981,943.8035205010669,562.2609829398774,1096.7467243459166,734.0666267515621,872.085244197384,737.8045471155656,1112.1441039384574,894.9787905760019,863.8592145039358,903.769448349888
990.780198690517,352.3015774550913,1007.246891840913,338.1577376883063,977.9859815679789,336.57673018821686,1025.6848586785636,340.50785024380923,959.9403363667202,340.99916378315316,1062.4789658989225,414.14116221935325,916.226706141373,414.9141824161514,1096.8451471287551,530.9656043328073,866.8600522097576,525.745791020769,1040.6453969382212,501.92908060049035,933.5785638196085,504.19819866859484,1024.6721094808465,574.0066866771442,946.388147872082,575.9151223451727,1107.690333461031,738.0493488872959,864.4074852981408,738.5083013361309,1111.8236950387827,897.4918667880912,866.9659323145831,901.2886730245507
988.9003374682612,389.2407647248189,1004.8378072243871,374.70234133479556,977.8405266604991,374.8492199190343,1024.471105691784,377.0299652509465,961.8616846372921,376.8673258030578,1064.2881601710228,448.24697559564976,919.1491343503448,448.58262101186375,1100.5393661567707,568.7618800614132,866.2805133732354,557.4399510808043,1037.1501576102596,507.67002847489175,945.8529626434151,523.4065472194794,1026.7361200461587,612.7625526004258,945.2950937404686,613.4275578503267,1119.9216634890745,738.1537322482501,858.5069129975064,739.6662591779995,1116.127657731316,899.8191493819775,866.2589125467149,900.2684747180007
991.002526047766,413.4225460972018,1008.1710858377859,397.3029191492353,978.0473628107569,396.01442306996427,1025.4565524875682,398.13332865577485,960.1566969290056,395.9623857685234,1065.9963184161304,469.9899362748459,921.3759709407816,469.4326705219062,1091.6367508639407,583.0828868057574,875.0260674041888,577.6655079172486,1033.638074501851,527.1737434934367,947.9442422221285,534.0268561099691,1031.1655319147353,628.8926481529751,948.6741601585517,629.6762907492924,1124.6277333666765,741.7465145731434,850.7956208442977,741.9873277055117,1115.6964409146603,898.4281627684779,865.7951959161356,900.5542344198193
991.8522321557602,453.2839619411098,1006.2176312237353,435.09985855198545,977.2172404669575,433.51238352327414,1024.8706338351942,436.6648561273543,960.8438816278751,434.2321506705216,1065.9631713025644,508.57341530444484,920.6937358239005,505.7920943190771,1089.6818100729406,616.6054311113028,883.1517173408874,612.993050266225,1025.3119737451696,549.6249069874506,957.906958028543,550.9192173877419,1033.5488853865284,656.1447765527117,951.9108530293078,658.6182737009578,1129.6940224958391,744.3945811290224,851.2045324509185,745.4046201541726,1115.1932896131311,897.8952600216802,866.6444906079422,900.5295784621885
989.7074053880773,489.4297490751218,1006.9087450947288,473.33795058051123,975.4900198775964,473.1655894504329,1026.7967844943475,472.7140119169277,962.6687780078213,469.18622089703166,1067.2974508565087,544.5065469721687,923.7467314855725,539.3986923601088,1086.4520288988772,648.6609648129612,890.1327985767125,642.3186844191023,1026.2590043873847,579.9825153306118,962.9039159507392,587.0990518861944,1031.676491037195,685.2016124232389,953.7777995081606,687.2565296522803,1130.0993708999983,749.8153711154683,853.385623967526,746.7261286453439,1114.052980174372,903.350394395379,866.0418026987869,902.8577931698484
990.5111842576902,516.8645539641233,1007.5350149024014,501.27111488103884,977.001562643603,500.34677463839773,1029.7586880209606,502.4192517407029,964.364881645542,497.9864061031928,1066.3070172494436,571.955687378298,926.8446763010563,564.6699366598824,1088.8526698057976,677.5413924788967,890.7145189127968,666.840016979538,1026.8787701196898,607.3892819776247,969.0044631714229,607.8644232705822,1034.8705841112285,708.5413385828945,957.0919766522292,710.3223782969329,1132.1043600360954,748.5689859792878,850.1215341653522,746.3031874046694,1114.3227319675543,900.7755072424484,866.7809593544005,903.5554693452644
990.2822995935719,531.3991128655927,1005.7502371428077,516.4455149014734,978.2650204886428,515.1636495652995,1028.1451839189233,516.2785311300678,963.2891306427924,512.5077780199742,1067.2051932179502,582.4565159911142,925.1113180457621,577.633814403144,1089.7134228359362,685.4167874426427,888.0957059267844,676.2146099564509,1023.2681078810413,615.3292057099758,967.6711527765839,619.3924720050702,1031.7056426119339,719.5174690812173,957.5286751354234,720.5296223612356,1130.7907077993614,750.2960689581014,853.4574811047547,744.4234640943736,1113.7040215207298,902.0563085745341,867.6962357531237,903.4091317464765
988.4496033561378,548.5128904615509,1004.6706245605498,532.9566744777777,977.5845696600387,531.3405515654084,1030.5538909148504,533.0841022099232,964.1143234374617,528.9561706929019,1065.8539010792383,598.1234347983545,925.4071178557642,592.8575635359887,1090.4348277386148,700.46894645241,887.3637804666911,693.229080276582,1024.435582649768,630.5020985709557,967.3988974301141,633.4228795148025,1030.642456217877,733.6249557413238,956.6802985947651,733.368694735011,1132.728201088393,750.1940990087813,853.6041555020515,745.5379098707527,1111.7194837108125,905.2700382409151,868.9803247839677,904.5162476702087
987.6893598603359,556.3754760149217,1002.4167805449856,540.163207155964,975.3969731080114,538.0312006964441,1028.4228651058586,539.9783936534562,961.6606899952812,535.7849518349469,1065.2150274207538,603.5296195775663,925.5004217451873,597.9117325133756,1089.2118174131524,707.8406603935605,887.2185066083599,702.6236943787384,1020.6404414070928,637.8039670782848,967.765070253568,639.7867845246255,1028.4545738521247,741.3654660867921,955.3801571244377,742.5503013522006,1130.9403998987675,751.91516375044,851.4595103092533,747.1437949410689,1112.684328487157,904.3892540829604,869.5305289672525,905.6900463832554
983.9959969091644,547.4932193952292,1001.0023616311561,531.4656819908305,973.3435254908984,529.9335913580745,1026.5852273750581,531.7764134585167,960.7845898445007,528.6107872925382,1063.2953413204923,596.2773680596972,922.4079799288695,592.6562123779702,1088.284040253865,701.5517423078895,892.307776429469,691.3911708233571,1023.1159013012815,629.9681676258024,966.9651356648781,630.0803633255883,1031.1750455383826,735.0136499505599,955.7016998207945,734.3070432888595,1130.031322806975,748.0029593816718,852.7439559891495,744.8665906899955,1113.9878097636179,905.9588138843886,867.9534804548736,905.097447798118
984.7354195659588,537.9858976104996,1001.232921306814,521.9081607109538,973.1004773535225,520.5384998458989,1024.989193715165,523.7894161401323,960.0287358923545,521.4918938764442,1063.9032916398824,589.8546644650071,922.4270707973939,587.1301639788986,1086.856817778891,691.7084752210594,887.4916838981464,683.7465287056274,1022.0304515585174,624.4561909684182,966.756743401502,619.8501412044587,1032.2436331337344,725.3836296958212,957.1494858396011,725.6262762434582,1131.204105202051,750.3579330288994,854.5994469453208,748.0545458677345,1112.8324607800212,902.115105806194,867.888048726784,906.0575084066529
985.1345016973,512.1344952677118,1000.6800874371735,495.31477295986974,971.2562322883108,495.1923621948956,1024.641892540952,497.01549690132316,958.3637073847896,493.34938091643176,1062.5283857186407,567.7121606888725,921.3933150013538,559.1594902495302,1090.7092609034182,666.0267515668215,884.1394136292575,657.2117622436415,1022.0710464828215,598.7323842092019,960.4255509398338,598.855454955194,1032.7904581744588,705.1814925532783,954.6239563749086,704.7405466641973,1128.7470783001959,753.2540856186944,853.6663143727112,745.9190565865026,1114.241795496598,904.8793189069243,865.8384228537669,903.6615596460206
987.3363021873374,474.83523299172975,1003.2261932072133,458.9267306211317,975.7641295106409,458.56299897658096,1024.1476436898538,460.7653352986767,958.7960659568013,458.1706899429344,1064.181901766905,532.6599540810605,920.7631987154211,526.215073990896,1090.932129054002,638.8813678537686,875.8203915025063,624.3868865267051,1029.59739882716,572.9851826849072,953.8011663977657,575.5955452965511,1030.0964073239963,683.1752405449153,950.9638936065638,683.4947946228255,1123.8078631059045,751.6962156653912,851.6978462078376,746.0102333761317,1113.1923643848786,903.4829402202283,866.7877264375079,903.672138844852
985.6116774909365,432.4458702347123,1000.6201018012486,417.556525823804,972.6952595184731,418.76692242357274,1022.4076423049639,420.1358170600078,960.9441298826487,422.2432339714813,1062.5784300410266,496.1810274603852,924.4401669661117,488.0701569517136,1099.9824658076989,605.1522615507907,867.4734696391614,587.2657371447305,1042.9904476413578,563.4983683315126,936.7189376916633,564.5524321442177,1026.8909847361344,657.7156401872388,949.2918821858666,656.9324422575539,1121.1477210800322,748.8421451483188,851.1599096784215,748.405192922685,1114.3451380835952,901.7980963361281,865.2655948577419,903.3654810148882
984.6864689938423,412.7813066846587,1000.8641511122368,395.4585106180365,972.8110082758975,395.79092379418614,1023.7027999573799,397.84628504693296,960.1355309728589,397.8390729361175,1064.3912376573294,472.96721768626884,923.9804825548962,471.1327647665164,1094.902659605092,580.9136804813766,866.276540808542,570.320977108054,1050.4253582672882,564.5356947025485,911.8161190353458,573.869487763451,1029.6218843713173,641.0190982409189,946.5249799693368,637.8117294600611,1119.3750013070237,742.2897422102747,852.3787604793582,745.2036061306808,1113.8043041577923,901.0635108127043,865.2711811184103,901.9690894996749
985.0499058676179,368.77373316023403,998.662980170192,354.24990589267475,971.6993726112845,355.656960323801,1022.1991495245165,361.03126118677056,959.6431196502595,360.75854307860044,1062.6766568344572,436.50943741263177,921.3691165405235,432.50822536408515,1096.291285177759,530.4342540902119,874.7072328154089,524.2786678282326,1098.9241646938094,570.9854039826129,870.4900946179018,566.7034260158658,1025.5564129215443,610.953548509394,945.9717600540899,605.9303812909761,1114.4290435830128,743.5795143286882,859.179603798532,743.2409299327451,1112.8736893770003,900.0433840264576,865.2034527215382,902.1217244170421
986.8045363598944,332.67841175254364,999.993558011601,318.8922506266912,973.5441765788631,319.32459236276196,1022.8011154560642,325.59382067258827,957.831308472014,327.3971010360165,1063.7946932726024,405.00595181827555,917.9299865060391,401.72645810120025,1101.7961485003746,509.673180245803,877.1280310625524,502.16178300223896,1121.0608563273533,584.770025703487,845.0461422182811,584.7110905861455,1021.2748374277899,588.5764393256087,942.5853222004617,586.0305754431542,1107.1235751138045,739.9517668574238,862.9875152600351,740.9564108280406,1113.4995556899387,900.2876254237942,863.9960091588681,901.4632478280548
985.8248386967131,317.9176300963945,1001.5050025532022,306.04266715478747,973.8018466807105,304.6917701152557,1021.9002830359138,313.9007543522234,957.0586303188883,315.11373738651827,1062.6534171302276,390.72639975024873,916.8760218122438,389.75652409477266,1101.7893445995926,499.42401469461373,876.6244702432639,494.896277772915,1125.3681395718488,582.9749097293285,838.3988543892688,584.1900339910527,1020.6220594783799,580.8835996643901,941.6191761125857,577.1759305436939,1099.240480998337,737.502297110784,866.3894923486081,739.8397591122923,1113.3114678327383,896.764116774231,863.641561509777,899.1014449490249
984.8638282887639,299.85788574090805,1000.1961854431795,286.7042866384736,972.6104877981733,285.67708575099874,1021.1393717712272,296.49076714037636,957.6687591474625,296.4835400449521,1059.1767281274756,373.1647807468922,915.1514256674724,372.9940820048892,1096.6440459049852,482.80445372090304,880.5960907369525,485.93283841097514,1126.03752212074,576.1039722054304,837.8192440200064,577.962123517114,1018.1633155284699,564.1814340257752,939.0358229061527,561.8339638267418,1086.1242264359503,733.440625391054,879.5887957592282,736.2235937383691,1111.3543019922977,896.4812036998981,865.9493371847896,899.1834751902485
982.2575167687407,293.2660695660607,998.8743771086386,279.544718062008,968.1949120275756,280.3608046995405,1020.4307488656473,284.909205073444,956.8031449816408,286.373706355218,1057.8171176024425,359.4296031949277,914.2233584476535,360.66492364489307,1092.7847607172466,475.5307536873334,883.3154182954728,475.86427944298305,1115.9845261481014,560.08406635979,850.1148803301949,563.2265675133544,1017.6162709267528,554.393027465294,936.1318928273697,554.6151387281483,1079.3815757022826,731.8069106996863,892.7446921389159,732.5083650541549,1111.8141264154187,896.7472991037887,863.4728966609423,907.2611716225331
986.8003339564153,295.11198625604493,1001.500260110892,278.02471894133856,969.845935857647,278.7109149600993,1021.9711304257806,284.2059675578437,955.1597145472057,285.3639390272817,1055.16817834956,356.4923682268253,914.8470162184802,359.56827739805254,1079.8728916544437,470.3028147944128,888.7664972152901,469.6664180624039,1100.5825174207353,564.8802697894197,847.954500795805,560.3873901868852,1018.1273483814125,550.5130500592854,937.2149783139649,549.8276823552742,1071.7569633380326,733.1416179378812,892.5749127299035,738.2542777765426,1109.154269853786,896.2490411128929,864.4010917522971,902.5829882984275
984.9298066299104,291.40156157714176,1000.6398585156613,275.9358974027984,969.5453362696823,276.54862409591226,1018.6578555908453,285.180162733036,955.6752407748002,285.41268317168976,1055.8911592980028,358.84237818069926,914.3249256707716,363.9753137913605,1077.7674561848496,470.3422841830258,892.8530986979636,472.4258094182858,1099.142203323434,558.8607251779362,865.0296100357509,560.684052269405,1019.9542858504207,546.6412892157545,937.5981592949302,545.9974329780822,1069.5878061609626,729.912168003772,900.8209015258597,734.1587871523294,1108.3688945077147,896.0575643721218,863.0886180530742,900.3664678057041
980.6601391627493,294.61886535980375,995.4989250128759,277.95816678906255,968.1490997933644,278.50544677296807,1020.1184122185666,283.17408862804126,954.7142715534704,283.4907251223716,1058.402067654169,359.4492004577761,913.8828186633683,364.915647318408,1067.2835821114452,475.578203786544,901.3260682221402,471.3978680519239,1088.8810258199292,566.2910159182514,868.155472058533,563.9605611957116,1023.7646168628705,546.764541933117,938.5609000724461,545.0215225740394,1071.0900539245822,729.8104541118839,904.5291336384078,734.5153028818363,1108.0627178445707,897.4266775151336,865.2474784448956,899.142791630928
985.009462543163,298.9446328191577,999.580364439169,279.90620380234265,968.825271521364,280.44988021606935,1020.6318669484757,282.97296939052785,955.2978775807368,284.6927244794626,1057.2246202863105,356.972196458593,916.0287422765095,365.24116243615015,1067.2974173697437,467.4957182140891,900.0065372086004,471.6769016775618,1087.0578337036625,555.551661810953,875.4529034303571,564.494297298463,1025.9134682531555,546.0939564775482,940.6413076061524,544.8536393788162,1071.774446318737,730.7301965521111,906.7484633677946,732.8764472641036,1109.7014483919045,898.8552411987381,864.2959376427455,895.6847641667521
987.6434278579221,302.2225681634436,1000.9735259848311,282.4811724618001,971.4534535223165,282.79382806371945,1020.1728547207057,282.83455922802773,955.3778246954486,285.6212381349328,1060.3169240959423,357.93159133652796,915.551036304116,362.14003178454595,1065.284078841326,468.15891776301834,905.2272342647973,468.81514067268955,1090.353295344262,568.3234602909355,867.8860958216909,570.3571623961608,1025.0711595178577,543.5115464579704,940.1074925648418,543.8275384009936,1073.948152282776,728.959589729258,907.871082387026,734.2834296690061,1109.3971303644526,900.1117146747243,862.9849349143517,893.8052717292998
988.1186215312048,301.5402680999015,1002.2809827169594,282.1236474792661,971.6975626788037,281.4915529585209,1021.4400861779712,284.36256552531324,954.3689847754209,285.27529376162994,1059.6954262569318,358.0906873759792,915.3309932567822,366.042145802432,1069.3390165787919,474.2634423811677,900.1383851230117,479.6827782246679,1092.2166887124517,571.765050669965,869.5978357886147,574.5468830027359,1026.757530865777,547.070149774494,940.9988527979799,546.5704246013904,1074.1761973042317,728.3742023601212,906.7853310831082,734.0053699163103,1109.5387455818702,900.4154318727187,864.3758631136947,895.2307004152051
988.2798767865073,304.93884221657845,1001.9114468751446,284.7618153422868,972.2838139315112,284.07170761557524,1020.6410621976371,283.76227654260146,955.2814547030946,285.9829747202886,1060.7051223887088,358.0206342394276,915.9167401204321,363.4996092196695,1077.2004864221465,471.1785348842258,892.9599207516266,474.666202209429,1102.8479337451354,562.6408021406992,868.7284255641351,567.8643813285825,1023.3764875507375,545.7045507122668,942.5015666884503,545.7809340738107,1075.612633759278,729.0591908733501,905.5250596533815,735.7971752372891,1109.7645002823856,899.7233606527693,865.6276103533115,903.3991770534253
987.2343677097831,303.56937541377783,1001.2742342581565,286.1137994483276,971.9606093711174,284.2754578400443,1021.1072719540771,289.46738624052716,955.2763786835812,289.82711482563536,1058.9542864947184,359.99231973306206,915.2755157522428,362.4223339843305,1085.4357483243623,461.9988708360644,887.242853768217,463.4120519460358,1092.7638670596846,552.4467294506844,867.9161499634189,544.7282680189405,1024.5444342479886,549.694014867474,942.5440260078827,547.0228186607995,1079.7346750542556,729.013386461921,895.2830444666021,735.6988132944605,1111.389103956674,898.9500184714423,864.3635842248569,899.0780457649985
986.200417662282,323.59945773319134,1000.818226806757,305.1366682194315,971.1631501735199,304.0415275751939,1022.7873387395755,306.5550984030185,955.6008686157242,305.1631828121951,1058.7074994888915,376.88550808995035,914.8169513932762,377.3975287519137,1092.3471036727592,469.5174171472306,867.0930719888928,472.26028265475003,1086.4172846443255,532.095701313412,872.4430633683718,510.9410271939534,1023.9854464800712,558.1261702850867,944.4427237467388,558.7181871070181,1095.1855473758044,734.3696485445492,876.6720780833657,738.8107800016514,1112.921774217055,899.6016038631616,863.6136537134865,903.896616038437
987.0992866754796,346.1939458593631,1004.0474962124006,329.7735454703717,973.1631796265366,327.54275448165026,1023.8281301073104,329.87092166039463,955.9291286451862,329.12411509476607,1062.1556856289235,398.7939448991699,913.7650650979986,401.9603047374841,1101.4080426786602,515.6470065893003,866.7351870977034,514.8126258090552,1036.0740152102142,512.1589637399189,934.8538419178001,512.9346069251145,1019.9650626887784,567.6397286982419,943.6351742588496,568.8519558284364,1106.3428422465602,735.5593495837173,868.6099139040455,739.401921962763,1112.947987532592,898.0242701653389,865.2897917646578,902.1203077670167
987.625538159909,373.8352566298549,1002.7357681998124,358.91426398174167,973.3271438409492,357.90966760935487,1025.4563828974944,359.4070769297867,958.5085294486819,359.83059910464885,1063.5884064160605,429.4976060861402,915.2744424680033,429.3448356301502,1099.1018091408323,552.3921384420396,867.2790895014784,543.3434489420954,1033.70402216523,508.9068214770987,934.211579620782,512.0701334197523,1021.4456670888253,593.3880687359817,940.6442128764756,592.8463975239682,1113.8751484481666,735.9733323264354,859.17240458763,744.7318202761559,1115.0091587014942,900.5582606120333,866.1744397452619,900.255452023866
989.929087786651,411.54531654663333,1005.643202627833,397.28336327622804,975.7579708845749,397.7722355580002,1024.7668541198132,399.2230769617236,960.197328236781,397.9634157162088,1063.9822500258367,467.1462709133722,919.4345634183836,462.83897629107304,1093.89009101661,587.4868641177054,873.5561401752134,575.2965302997022,1036.8282996956027,536.9596334575807,947.0609782398722,541.6990109906852,1021.7708958533948,620.2135391129602,942.2854347858159,619.3733803628032,1122.7438396315727,738.5320135824638,855.0566725410323,744.4163198597083,1114.4744019614063,898.2132521552575,863.1942931950182,903.3523629594449
989.5817221076122,434.88075868744113,1007.503591790771,417.7412690421458,975.2359146031961,416.7460691049297,1026.4656186040638,416.83735513554035,960.5409723228132,416.8037600747123,1066.2795940072488,488.7645339106527,921.882372210847,483.5310335084876,1087.7127514800827,604.7691183145123,878.8047625529271,595.5487993043216,1027.849915266507,545.6622630949622,951.1192467261351,552.2091645497912,1024.166414404507,637.0779243730218,945.1627871660902,636.8413463578307,1124.2691319600037,741.0468376856005,847.2220274434281,745.1037944279324,1114.0395690078878,897.4411607411078,864.9130923028363,899.6427939108621
991.3222780890131,490.3251625781884,1005.7403187144328,473.26329255707475,978.9315113990247,471.7455906007849,1027.4043835960638,471.4640137182055,961.7614541312095,468.187723991041,1065.573079298389,541.0817202576859,921.5910574031777,534.483283969684,1088.3302012406139,649.4644509066213,888.1454259997729,637.2431402878199,1028.4615362155757,590.9076818375554,956.716974943937,590.4787431953414,1027.4900310431633,682.5899564934768,951.1570945190055,684.2154381222952,1125.180631455709,750.5840960549037,848.6200011824692,745.9989055680139,1113.2487553703995,903.2568315148727,866.0390388775102,902.2928332900146
991.6174310428455,507.7518428128226,1008.5480191691089,490.5293294486704,979.227678311587,488.18874554177467,1028.3041396783105,486.96116555472963,961.7186009918795,484.4857556416347,1063.3226358006768,556.0450874197961,923.1323080697448,547.6692960381685,1084.31181709829,664.0905151366788,889.4360851567853,655.6915370626662,1025.2380325562665,597.558196568189,960.8370286051164,597.7737918294157,1028.1329884231798,695.2398216065665,950.696794814748,697.8083197721528,1126.634531101485,747.8387820595843,853.6334588077748,744.750546842304,1114.440721287613,901.6481328494283,866.5483269472085,903.61128418746
992.4610165100602,534.1089046265246,1007.2587439267352,516.4406446109556,978.3259527570381,514.4641315305723,1027.5417985660076,513.6833804222337,961.2375213372553,509.53126315082284,1063.7496776819098,584.0598768492953,922.0245901984423,575.0013916681401,1083.913699636802,684.7945605863699,889.3607860412134,675.2254602981269,1023.0642318919404,618.116829281907,964.9745433485588,618.6818125507064,1028.0635371187857,712.9582473511067,951.9046803347849,715.9844322329006,1124.8772822068645,748.3963300115577,853.2715007484047,747.1804816960059,1114.151411083973,904.5510078092709,866.9139089485336,902.0639133803602
991.9007886235247,553.361049365964,1008.2074137916078,535.6085559139408,976.8425689735741,533.5965953647338,1027.2784699712317,533.5637949012797,961.013232294793,529.8328038084866,1062.6452098794932,599.2440313422469,920.9061296500043,591.8156845410028,1084.0949159106724,701.3027568718333,891.1886553084906,690.9215095839478,1020.3325961204218,630.6010199523065,966.4507619243633,634.8361362772275,1025.8161020602206,728.7260912589046,951.1843527631024,729.5827041866587,1125.021274737201,750.9487590964955,852.0021284830985,746.7207833330731,1114.0892500186214,904.9185079452667,867.2841228342674,900.9095518098153
989.4796245761943,560.8051863698607,1005.9123536620746,543.5012745681757,975.8468266844659,539.7553439950806,1025.642503052933,542.1858060484087,959.1993358175538,534.6033449551066,1061.5621396895594,605.3969620252792,919.444961330011,596.8084393375793,1086.0703606889842,708.0172087958655,888.6351648281685,697.0804763984255,1017.1917664857629,635.5526212971412,966.2221411467123,640.2643017882353,1022.6150431547134,737.758964111136,950.9174375207152,738.4516515250821,1123.7579745454348,751.6917145462786,850.3533122786913,748.7457197760021,1112.203987140118,905.0434110551034,867.9806527972848,902.488124659639
988.5930128087424,548.8123692497263,1004.9699234909428,533.2125733025161,974.1208454109408,530.9061472357764,1025.7781689416254,532.357699611906,959.4914842623388,526.7422485305343,1060.3652949440059,596.5087023351307,919.8032462803533,590.6990054882885,1082.0565322790721,697.6631044205901,890.6513308244892,687.8798563119503,1019.8022846716732,624.7904979504759,966.891752357065,628.2236069143006,1026.2304221777597,730.4976214499363,951.1842517973216,729.4704275614425,1124.4846402599087,752.1971901016761,850.158187101464,747.8883991060283,1111.898223298151,900.8207293092291,866.8623413687533,903.3352866692287
989.5536377503614,524.2244680167902,1005.6441268969606,508.5380896128485,975.5507612879263,506.59359265640256,1025.7652451357992,508.6457156090856,958.7224931734316,503.9195959585509,1059.3689711914333,577.9091282544139,919.2721882008616,569.9832593092221,1079.9719506771075,677.2682635417827,883.9655235647087,667.9726938952504,1018.1828792051568,612.7476711326123,957.8194297335455,613.5801578186931,1028.9643035078832,710.6146031723731,951.4587728372244,710.9934656301468,1124.0504103756111,754.9247074949127,851.2849253404825,745.9560429286603,1112.0956653074513,906.2039341458699,867.1538375919674,903.6374292078697
988.9867485710561,488.1387631931461,1005.6795670637804,473.3291796768409,976.5921670964041,471.2178584635685,1025.8263880394688,479.1242784295104,960.4749015029757,472.31816026748555,1057.6343170275281,549.5552084978802,919.6550329298454,538.9730092470584,1077.8050363934988,650.0580645858213,876.5536806300361,640.8521975297408,1014.8844941165097,588.2395886105651,947.2606371061652,592.6677691427318,1028.7073549202464,693.1108553565772,948.7652956905918,691.5596745724013,1125.4800307609926,753.9074839601476,850.9914923825346,748.6329499022673,1114.4946417677202,903.9140790706258,865.5167667073151,901.5536191301941
990.8956162927624,449.15461552656814,1005.8061526959222,434.5379314471378,979.4147902226955,432.76314789804235,1022.3289722980836,438.8978472318275,961.9491697447107,436.95988296442357,1057.8924217337776,512.9630217381529,919.6409459931215,506.1280512664141,1085.775771415858,619.945497764724,864.5744919301469,608.8161206326556,1022.0325040016303,566.302615149883,928.7509213661738,568.1849614688061,1025.2960666942636,671.3040484051324,946.5535566413001,669.944173201496,1123.3966198835158,749.0141901211085,851.619023734571,748.3785711880548,1114.393023095108,904.5511868447622,864.5868935786158,902.6495318481534
993.6860754472721,427.57497655584376,1005.8830749635932,413.4898397081135,980.9743180531483,411.8075953591296,1024.4031175333093,419.33431619703833,962.9207412997154,417.53463265403815,1059.5036810718161,493.3366635969021,920.8819655795861,487.2653327454805,1091.9430414131712,605.0507985918034,855.0861209643865,589.4605976778436,1037.7515462254719,573.675804900373,906.7195235319219,565.1796190786112,1025.40804353324,656.5690915211233,945.49888091611,654.7175753615575,1124.6804369887107,746.907435106991,851.9881075660654,742.62741249081,1115.1578414857452,904.1994864951586,865.1863538632351,903.1774401089466
989.9539010572106,382.8207346257114,1005.4662493291673,369.64504854121014,977.353235825217,368.85349691503853,1024.4033578184726,378.0147162384935,962.1258374888573,377.5574922141391,1061.1012366748014,454.3049761582166,917.8109421140414,446.17120391056966,1099.6402924783972,559.9494281199995,866.4905062817484,538.7896949245531,1080.1529030606914,584.8004311830139,863.3036637669816,558.021695895077,1025.1558355255117,625.4909169827096,945.0736303348289,627.7832915930273,1119.1135760283194,740.9029789925263,850.4364888847686,749.5620047090893,1115.8455772472864,900.3191320208259,865.5945175290209,904.5802447277778
991.5570969474123,347.92179720495943,1004.6026712396582,331.6335411972652,974.4416936243055,331.4256508355945,1022.2015589271017,338.16718101785517,957.2972280668146,337.9086651368613,1061.0010624696743,417.49826784474425,913.4745852030743,412.4344271890396,1095.817984569107,514.2284445714009,871.6429489329142,509.7055125762543,1116.8690273324696,594.8014193256528,836.6820145323719,579.0519816083062,1022.395050088147,598.3200806460387,942.7028112176673,596.4663484612388,1110.699918649063,736.5835998432913,856.3728757240522,740.1578487753935,1112.5728091783171,899.9694114747164,862.7970704577187,903.2355844864633
989.8290578202035,330.6302732509796,1004.4260721117705,314.9297557175946,974.5758715418758,314.7297214246492,1022.7908957078679,322.3052947703432,957.9914036461381,323.6739087384927,1061.9705354257276,403.06444821374095,913.1027158202601,393.6191245843649,1098.1049064493545,507.12948349149787,872.9952835742214,497.41651361982235,1119.8842393605526,592.302818212649,835.3110444816473,584.7770810576816,1021.953122140605,584.1063149233371,943.737178082943,582.0507552971077,1107.3605495951015,741.2058418556664,863.6533134394173,737.9664188766108,1114.8172468763046,900.9738826127536,864.2513911631016,900.899391651127
989.0938795339948,303.9952809290245,1003.8241066615568,289.08647565308985,973.8468583251833,289.15152479640335,1020.9553403935724,299.041439228155,957.446008484354,299.721470159167,1059.8196768211258,375.97156099065245,914.2146024890479,370.05027243977213,1099.1995623702476,488.0363689694387,876.2135663753123,482.1857149037117,1140.435252726225,580.4553849710654,838.7022747643103,572.0980159061829,1019.0344355132349,565.6700400830969,942.2650380455083,565.1066166028999,1091.4909983840237,735.8240669163863,873.7713176519835,735.420926336164,1110.6300578177163,895.5572379675763,865.9867432183487,899.318464883468
990.1158951575794,296.9418661532512,1003.9309930285528,283.5817181217028,976.0530316230628,284.42238217113555,1021.8088965576804,287.9243174559102,958.1694732964743,289.90711991437183,1059.7550110055972,365.019093679027,912.9013940420007,363.68786407002614,1103.2427319266783,481.78851100000287,879.5097912751595,473.44447719185047,1138.6198101129658,570.7265477155822,841.4981952230305,559.0167927144362,1019.3643133594996,561.9080336330765,941.9810474272591,561.2106640520776,1083.88550487017,736.1448172243258,882.5250575834905,731.0258949815444,1113.1646205440213,898.1765758435282,865.0016718397223,901.3460185414574
990.4494952095472,292.4822702283871,1004.4355274918951,275.35693062677086,973.5478289204569,276.32667471189967,1023.313419274365,280.8644252156188,958.3737867804252,283.16920119809356,1059.8817264609004,355.4312369148091,916.1356860587349,356.403321034051,1100.363880133594,469.09361689168554,888.1105160566548,468.6616926676272,1134.789637536787,556.4350627989389,854.4138065872315,559.6315736464214,1021.5965859561903,553.9798214105422,938.7450956590104,553.149703402335,1078.70248746233,729.1283193909,892.0402699249702,735.6730431937534,1111.2547626315945,894.1721620861834,865.1112785972977,904.0682997200857
988.1833747747868,285.5556234923464,1004.1794134166742,272.64536261562336,973.2835542423793,272.6432011643703,1023.7901981656348,280.83993656727506,958.598629441486,281.7553424077737,1059.7738387229053,353.10900875127646,918.0829628459614,354.87882502754985,1091.6978490331164,458.2548914420587,894.8828446595724,464.1854638985819,1124.4518066487353,550.0647698289622,869.6648805421413,563.9505323873806,1020.9435793593453,548.3571983512006,939.371308633899,548.3823611420884,1072.7904230109762,731.6142810962639,899.1557464262216,735.5501713825724,1107.435962821435,894.6853082166783,864.7834490371707,900.2675496851426
990.6075082719287,288.4927961727196,1007.2620826395722,273.4175856283266,976.2698908651071,273.86704308479517,1021.0639729158523,281.21088113569147,959.5171501598811,281.2925858109762,1060.2282419153332,353.1311668960522,917.037208101008,361.5509613280492,1082.5435153866501,462.4468412162756,902.147992961796,470.402967589515,1107.8230450409303,550.3702521232394,877.2436232079457,565.4988341686188,1021.1860080349787,547.1192687436479,938.2758209489868,547.3992301844958,1071.5248407353222,730.9039066326444,905.6334135518937,731.5759549391267,1108.7934405409567,896.8621613740941,863.008271834588,896.2655675930401
990.7191851429951,289.4820383848976,1007.3705919200077,274.6807837464179,976.1221824567095,275.0757017121715,1022.0389020190148,281.4241381164144,959.446356018358,281.3749360016365,1060.98000520701,354.1029675256743,916.3129774458077,362.35115850554484,1080.9130041376156,464.10143210800175,902.6978903427711,470.97749332609493,1103.5913634781482,555.7852007263318,882.3553616818399,571.637063755649,1021.2119361926028,545.8905591169364,938.1613435224056,546.0395790994522,1070.690073208108,730.9507341704491,906.7225807973579,730.8838803435045,1109.750622567448,895.7595289505903,863.0095104895983,899.6791848372453
989.6123004260623,286.8969778141153,1006.1168671412963,273.63465123113696,975.2543842445898,273.34101982476125,1022.1688184431393,280.71392526279334,959.2599259670608,280.52138049257417,1060.6572013565185,357.09366078058207,916.3476127805852,360.02244388994575,1081.2369747217676,471.2067504904674,906.7536065012623,468.1231279261709,1106.0083559985662,558.2702946761532,880.8035297752197,570.7933620530891,1022.6100110666447,548.0519015169504,938.0730515367146,546.1386852977334,1070.553027059746,732.0012750637453,906.5489060630454,731.1211137227303,1109.6602623596757,896.5212411647528,863.6630017602657,894.9594526361341
991.0240384913444,289.60848668854436,1007.4021829515247,275.6108556417458,976.7556702227288,275.7125525539102,1023.1264846982889,282.1167557773073,960.4383262291641,281.6332919846398,1061.2110963217829,358.2264921480071,917.6740803377138,361.9598409643563,1082.3560974477064,471.07083208603467,896.6586617700626,473.73979742508686,1105.1121357935695,563.6433456651979,867.2932373915507,565.2281110785744,1020.0665948775892,549.376853954194,937.9611943859206,547.2677533233693,1068.089855944384,729.7546741560226,906.0839350923676,733.3035698695361,1110.576671558536,896.5470679560159,863.8442245845105,900.7072710770827
990.9496348265678,289.44713000373514,1007.2368193433031,274.5701311834339,977.6888696783842,275.229152248309,1023.8636140426711,281.47540810181135,962.4245454951623,281.0701627859878,1061.6405370486573,356.9387350544258,921.8599679182634,359.06636111405993,1086.2199625406022,464.88339336514366,887.8860543409967,470.66243335592486,1108.0770159885835,562.8344100281951,861.901568536196,561.4863459956193,1018.0981493921777,548.0832538567757,937.5394103920636,546.9676077094966,1070.3902594357141,731.1671687982497,903.5571601958076,734.578684554554,1109.380299028522,895.2268436476935,863.1481575297753,898.1863685750501
990.7748471683842,291.3331689408429,1006.6327629462724,275.61679554584686,979.0912900126319,275.1395259721912,1024.2085079419521,284.0340257269182,962.6644697058812,283.06898569550117,1059.1992102024885,356.35247288982265,924.1123995011127,354.2337783805785,1088.6672754501203,469.03403520874633,887.0547920378896,452.76426396679295,1103.8330612706077,558.0544082777686,861.6536928580986,548.2989489391049,1018.3042258938075,548.7942594582134,939.9291648610001,545.9375924222469,1072.911282231939,728.7686737748078,895.6785396063733,732.7026537356944,1110.3777843364687,895.9946384112849,862.6835573437261,903.4360391220731
988.9338225869278,301.6715766268535,1007.107714439701,284.93184935532014,975.6790754491074,284.5200408928309,1025.8814604322956,289.65081805443447,960.1284392322133,289.81485735954374,1060.6263610433482,364.186306055243,919.278875833875,363.9316198075616,1090.9202157673128,454.90346218008176,878.3856991639668,456.08336011654455,1089.5631436833116,525.9114375709667,872.2649388834426,510.34666200772085,1018.2208337843621,551.2678376350626,938.6116346169372,550.469676619613,1088.8836412831072,731.6497858007109,883.6868351047234,738.7215442757728,1111.8857638882314,898.0944073403696,863.4173191953914,903.3492089482979
987.9028349626878,322.43549523402214,1006.3871698125935,305.2988949844626,974.2577633617191,303.10368813270907,1024.5583596850545,312.07630106760934,957.3534859008245,306.1132611754021,1063.0869001516403,384.53908341268465,914.3599673948454,381.71083670423155,1097.7055442237825,506.28018629775823,865.718105820688,491.8354721234438,1033.9468548879445,507.4169202291767,918.049249241521,506.8911596530255,1018.0781006812299,556.5525465832402,942.3442276023869,557.1431566833264,1099.8914526126684,733.6012346380942,868.8485210307447,737.3731050029952,1112.9261059904811,898.3617706054431,862.6769154809169,905.7298877217871
989.5726079881911,350.3989951881571,1004.9975925859088,332.8138367360902,972.0251847214436,332.8964019710994,1024.7639346843498,336.6454382246009,957.7123950594618,335.1848704591517,1060.7845610904521,414.15806807089814,915.2658700513858,411.6480099808697,1096.1969777502509,528.0191245445299,865.3331139648678,520.2686097683082,1028.3560845003753,497.3809020758529,939.0824054102981,497.44475585518217,1019.817215375838,571.437571025535,942.8120057325328,572.0150030503463,1105.9733511051704,735.8229303934855,860.2669810940736,740.5135850548431,1117.4212645128775,902.7736827971664,863.9567102771027,903.2001740806993
990.6808452686453,378.7056657200598,1005.0761731065761,365.2146820062152,976.1893385023886,365.59927853869095,1022.5730628165702,367.70348756837143,960.1652139583119,368.04787248942563,1062.9035213599545,440.0242733174228,918.2544653058433,436.96983554481426,1094.9458590790312,563.2949822861561,874.0232659290785,551.4696221543594,1032.572095937627,509.0394834527646,947.611658966451,513.0468196188522,1022.8561887919498,602.2164612428547,941.9428943834671,602.8095050437842,1117.9855154004774,740.3566708924404,853.5853747587196,743.8533887183547,1115.8647640718482,899.8722957790312,864.9244532754536,902.903970013461
990.9791951103813,423.0010505099991,1007.0755299935142,407.40735412513965,976.1507620923239,408.11166923447024,1025.5864237125695,406.9625252445644,960.8133481343748,406.33691505716877,1065.1333283011184,481.75758170948177,919.5489668293062,472.77171033943483,1091.3579342698117,598.011061267823,882.7621972621312,586.2744382146874,1032.5002063734078,539.2197552428904,952.1984227162536,535.9033750591518,1023.6394244598042,628.5747661312532,944.3482828097445,628.7031354119583,1124.0396671028045,745.6350824579654,847.6797199523579,746.4224574876708,1116.5351251024372,900.002335447339,864.0204777654019,900.9909309536014
990.9270743225975,441.74196201073283,1007.12990653926,425.5259871009928,977.9326158476928,425.21355750363284,1028.1395358937089,424.38098661614265,961.245100026347,423.3996491128561,1066.89735748385,500.05358876439635,922.5187066153045,493.9443645355472,1085.8685886390763,614.9984986911028,883.8615931275915,602.4814529756856,1022.4689465833025,544.0924872859954,960.2618413647771,549.8197261355297,1025.8574757115803,648.7423336116566,946.0263146387556,649.9639538296885,1126.5834695423468,746.3186130669201,843.4668658631898,745.5364356390193,1113.7873731232332,900.2717256946188,864.0925985321342,899.1605671518389
992.1924186909048,480.423376829423,1007.6993052984311,463.39779012378,979.9156501851534,463.19425290381173,1029.0281429267743,460.19895198297587,962.8779483845458,458.72658283516193,1066.4946132586078,537.3597471554058,921.9142841775713,529.0207197850756,1087.0542465628182,646.0210940780453,887.6249952348845,636.1453616030952,1025.6421505814815,577.5249930770166,962.5563954601494,577.3440912401612,1027.7991630465385,672.6984425763324,947.8506818043062,673.2330653159871,1128.5338670205717,750.453901340501,845.206142298984,750.705300887772,1111.8200378633662,903.6800406304058,865.5520896125753,902.7417867837141
993.7424301319593,515.0231373751141,1009.3851118954486,498.2917845648778,980.3712923650143,497.4595899890056,1028.6952855448449,497.2894499872104,962.9595545201746,493.37860457376024,1068.330907060031,570.599293973289,923.7316024470961,561.4186661232349,1087.4566096203116,674.2390512274895,890.9663375215438,663.6164826962067,1021.6579217957603,600.6271545800454,963.2986013836933,605.1627437483736,1031.053849236725,699.8222417501287,952.8260426757369,701.6200266623401,1129.4041021452003,752.5527443280715,846.0665493562966,749.9611838188457,1114.8108892390137,904.8847370500235,866.3700090014822,901.1724188561022
992.631790616433,529.4795643285032,1009.6979154771846,514.5107874799921,980.1627054797024,512.347815292319,1029.8135139879566,512.7378956079331,963.3378028085926,510.281792055708,1065.3026048137876,581.0086377955381,924.1880680838915,575.5943775892529,1085.3348821183777,683.2914152263818,888.7941335022877,676.3200542840789,1021.108605535996,615.2483388745186,961.1704837034607,617.7902702495626,1030.008078205896,715.3126336644465,953.054757078459,716.3823561112183,1131.0446546870035,752.1201096532901,845.7609674266188,747.9707706982065,1113.9734214050047,901.404868123046,866.1024311339665,901.4378666205439
995.9574870702062,551.3001175011505,1009.627271182899,534.4469029852777,982.4224743585104,533.4070382372585,1031.075744199341,532.1697014647282,964.9946391208393,529.6669809842258,1066.1561713170245,600.8532238738098,925.8652255382216,592.7208037168896,1087.1259724001584,704.045061974247,891.1755338410817,694.9106388439923,1021.4895684764202,637.9167090854735,967.3056367221479,636.8155730594614,1028.3049737888327,731.6413406551734,954.9558055530892,732.5489115344316,1130.272958609486,751.7482299657662,848.2952873283658,746.3875489979849,1114.8955830479103,905.6615849940551,867.170136385664,902.3961022171713
993.2558531628215,561.1336933441672,1008.881139228399,543.9390857835465,977.3907549169086,542.4677012833833,1029.185163459315,542.9940040488865,963.8231565433073,539.9469015881219,1065.8199802162649,609.2332190927976,925.4438735880851,600.8794034863006,1093.1157677333335,710.0922299960171,886.8082581982715,706.7179917547413,1017.3616838216592,640.506234131504,968.0259502898888,643.1595354262729,1025.9527214347836,741.2562998015865,953.297274964408,741.4383384732503,1130.833561387385,753.299091342307,848.8966753284197,746.7863838421083,1112.5841134812479,906.0046459306675,868.6279079139051,903.0562385644049
991.9413225134641,558.4224137593135,1007.3673972773795,541.1281442652423,979.2851032038955,539.3068360199161,1027.513404674808,539.6644418387735,963.9782356784049,537.3302515637703,1065.2724842288776,605.7034476828526,924.4505842456545,599.5054978984809,1095.1673196731729,710.2864107705096,887.5501020194707,702.3862248596841,1023.2557398761269,637.381400228279,967.0993701772536,637.9504760955122,1028.1186766857795,738.8302096507626,955.7214613194727,739.543322961304,1130.320245085244,754.4808690078866,849.7266101797496,747.3620715228229,1112.363428786223,900.7107144911752,868.1759451970167,904.3494045665868
991.4643648033883,538.9809709488678,1008.4148232543674,523.3611063224433,977.9060649844685,521.8224097523937,1030.468681447502,524.5053034563699,963.7815243846283,519.6524412826129,1064.070350747983,591.8827138553404,920.806621916855,585.4096090322759,1107.1870745483582,687.4217916971238,880.0562933259386,677.0917353733635,1027.4202112496334,620.2002526126787,963.1416112118696,619.8259715397292,1032.5660735110803,723.7169584615234,956.3323355456183,723.0846261857981,1130.208786973602,758.6490356250972,847.5290143919727,750.3073267290906,1112.4766731497996,903.4079262611089,866.4064055088303,903.4793038093774
992.7440497056571,503.92887728925,1008.2350836780308,488.982937000816,978.8912834551256,488.86689694899945,1029.342543782956,492.65035459517776,963.0681364703725,489.8840527045751,1064.7235561515529,566.5873640834608,922.1466653979688,557.0597185021303,1109.9364906451185,655.8121496863646,870.5956533169199,646.2733945531478,1031.1640095801313,589.289475183632,954.8002358366812,593.5910858504255,1031.5253673143072,705.75396664755,952.8846987353636,703.3668055977696,1127.457224099885,757.47520522856,848.5907839520429,748.7992710955136,1113.359390523093,905.9678854198938,864.1620492304697,903.4989674565833
994.8756825413112,465.2609127015073,1009.865225052067,450.0818601081316,982.7862264896653,447.9957781505858,1030.9158368859228,456.98808945843285,966.9605639507226,452.11324561077333,1066.4075411090146,533.1157967974896,923.7138726089559,523.1372147502618,1125.8120490779067,620.1462761771118,858.6665296160961,612.1976334816621,1048.5619149619847,570.9395842365936,941.9230739470084,568.914840238851,1029.8583748575404,680.5102149892981,951.9068347496964,679.8309846938338,1124.8791759549213,757.3721084314606,849.3301132459272,745.9228428264257,1112.8752855583944,904.3940213987923,866.2962804849418,903.0683595924446
993.0414369085555,443.0218583908592,1008.5384795363797,430.43983633614715,981.9502485569852,427.9448882219564,1029.377408711147,436.00533491038857,964.4224361597096,433.73187898518705,1064.5417105496763,511.7721055405907,921.4344647392115,506.74861870767,1127.5509011825368,604.3874172962352,855.2067589323273,598.7201179035304,1047.61819339304,555.4495367057948,927.8144891020644,561.4892386934455,1032.9330841682286,667.3853727860576,951.0069510941584,666.4756441757197,1122.3642221304563,754.267793818651,850.0403066707789,744.6136615221188,1113.6874766169597,903.5825268189294,865.8278201429035,902.2004275720537
993.888075925238,397.79495881161114,1008.6026709853079,385.17056657004673,982.6210289973137,384.4833484096126,1029.2086043115094,396.2170225793493,966.0255682525294,396.2176219067168,1070.8092512347303,471.8213037800824,922.4143838184143,469.2327252005812,1131.9215366060994,568.9637573265361,851.6492097405009,558.7618937978979,1088.2868494927309,574.1308729251186,886.4952336879005,563.2747700725425,1033.1484783906587,636.6148354498533,951.4942181004476,634.9274009767598,1117.673846966205,746.7436862758489,851.7190845267024,745.081744701191,1115.0205229381222,901.3834996282923,864.9549105484955,904.1162153088485
994.5573355964298,354.875809807593,1009.2548925415723,342.6949026270523,982.9632857781037,342.3070882787779,1027.7148326192655,355.2802577884485,965.5426316667047,355.88324307119694,1066.732101012101,429.58980789330803,922.3758527980899,427.5290312997502,1114.6190625477554,524.6509441462725,868.2109628213111,519.6355210608609,1126.6930235574212,576.9765880315082,853.1025196084441,569.9552247136138,1029.8108086796765,609.1630225057787,950.8618490947601,607.1159192209769,1114.2816285694962,740.0922723561727,859.5473139417694,741.5466238708855,1114.9996633430505,901.2700681148217,863.9402341219202,904.0539652276191
994.240445068129,323.21558717312297,1007.9012646914155,311.0139007763801,980.3391199757306,309.6984924110399,1026.8275529538987,320.5950971303046,962.6658031738425,322.1246310188483,1069.2013221307814,399.3096073462476,919.4590040307934,398.23145083603526,1109.180096099394,500.31270413788735,871.7026989830599,501.47581088503273,1148.5623427350681,584.9070030362547,832.7795839104133,581.0376648729462,1027.4575699818215,586.8166072398105,949.1799766376148,585.117644415659,1106.6193709111885,743.5603882743846,869.1615059573861,738.2441192468007,1114.778491706377,901.0506458081131,863.7824070765088,900.3386439949721
991.9465840362694,298.990097469475,1006.6505341124997,285.28997316189447,978.6245574018069,284.2858284981636,1027.1534513714178,295.4479899379543,961.404223024938,297.1673547273313,1065.8766237097739,377.8509376434274,919.4299097405943,373.22308746998004,1107.5253507110128,488.46331065095706,875.3671805436866,485.48890349951745,1148.4319137495818,581.0479293149934,828.9712135263745,575.6502999837871,1025.6104915083683,569.0760037500002,945.1263634788446,566.0358706439604,1091.8127075201587,734.2073064152336,875.0175372632393,739.0846780029788,1113.6394086123828,899.9452929855444,864.981606951368,901.0148111408912
993.0557901977476,290.19812403418825,1007.7359596818133,273.9577826921214,977.0753826842259,273.9083843610355,1030.1877856037277,283.1464530126392,964.3705538532531,281.88420002424107,1066.7942244853139,355.68583999791116,922.2881772305558,357.778075022285,1099.1470498768003,465.02347550735436,881.8007219636394,453.0274321351776,1119.774361240008,538.4009748681234,866.7422428038872,534.0364758728317,1021.6046122450258,552.9535952065203,940.6264069088795,553.2664355009887,1084.067711536935,735.0831322986724,890.8627083203911,737.9583806483469,1112.6244979984378,894.8858326242917,865.4516521452331,900.19188656555